,지점명,일시,일강수량_sum_mm,일강수량_mean_mm,일강수량_std_mm,일강수량_max_mm,평균기온_mean_c,평균풍속_mean_ms,최저기온_min_c,최고기온_max_c,최대순간풍속_max_ms,최대순간풍속향_max_deg,집중호우일수
0,강남,2017,995.5,10.820652173913043,26.293209494165243,129.0,25.828260869565216,1.5771739130434779,14.6,37.2,19.1,351.6,5.0
1,강남,2018,523.0,5.684782608695652,17.06769285851668,98.0,27.096739130434763,1.5184782608695648,17.4,40.0,9.9,340.3,2.0
2,강남,2019,579.0,6.433333333333334,17.18557011637144,115.5,25.81777777777778,1.1388888888888888,13.9,37.7,10.4,343.1,1.0
3,강남,2020,1145.5,12.451086956521738,24.33421818406579,101.5,25.42282608695652,1.225274725274725,14.8,36.2,12.3,357.2,4.0
4,강남,2021,428.5,4.657608695652174,14.616701524269894,104.5,26.202173913043474,1.104347826086957,13.6,37.9,11.5,348.8,1.0
5,서초,2017,935.5,10.168478260869565,23.578286385309134,120.5,25.650000000000006,1.3336956521739125,13.5,36.5,7.8,357.2,3.0
6,서초,2018,502.5,5.461956521739131,18.01239403819214,97.5,26.975555555555548,1.4033333333333338,14.8,41.1,12.0,354.4,4.0
7,서초,2019,548.0,5.956521739130435,16.09392967500907,102.5,25.52608695652173,1.3445652173913043,13.1,37.1,9.7,354.4,1.0
8,서초,2020,1098.0,11.934782608695652,25.25107085002735,127.0,25.118478260869562,1.3086956521739128,13.0,36.6,11.9,357.2,4.0
9,서초,2021,490.0,5.326086956521739,14.805967534400382,104.5,25.84021739130435,1.2489130434782612,12.5,37.9,8.6,340.3,1.0
10,강동,2017,879.5,9.772222222222222,25.34316842893718,142.0,25.051162790697663,1.3022988505747128,13.5,35.4,11.7,357.2,5.0
11,강동,2018,504.0,5.478260869565218,17.151700816485587,84.5,26.448913043478274,1.4586956521739125,15.5,40.3,16.3,354.4,3.0
12,강동,2019,578.0,6.282608695652174,14.968337342211832,79.0,25.039130434782603,1.470652173913043,13.9,36.4,14.5,351.6,0.0
13,강동,2020,1128.0,12.26086956521739,24.22269373012092,107.5,25.16847826086956,1.5217391304347831,15.4,35.8,16.9,357.2,4.0
14,강동,2021,348.0,4.578947368421052,14.433306997261333,99.5,26.125333333333337,1.5266666666666664,17.1,36.3,11.4,354.4,1.0
15,송파,2017,881.0,9.576086956521738,24.20345706650968,125.0,25.836263736263735,1.4648351648351652,15.2,36.7,8.7,354.4,4.0
16,송파,2018,503.5,5.4728260869565215,17.452976718057876,89.0,27.046739130434794,1.5195652173913041,17.3,40.8,12.5,357.2,3.0
17,송파,2019,583.0,6.336956521739131,16.926815434255243,106.5,25.776086956521734,1.5706521739130435,15.4,37.6,10.0,351.6,1.0
18,송파,2020,1127.0,12.25,23.862529825446625,99.5,25.432608695652174,1.5880434782608694,15.8,35.7,12.1,354.4,4.0
19,송파,2021,390.0,4.239130434782608,13.18142179562692,95.5,26.1804347826087,1.4836956521739124,14.3,37.4,9.9,357.2,1.0
20,강서,2017,802.5,8.722826086956522,22.032114937716777,129.5,25.36333333333333,1.7311111111111113,14.5,35.7,10.8,323.4,2.0
21,강서,2018,580.5,6.309782608695652,18.455447153145638,117.0,26.258241758241745,1.6422222222222227,15.1,38.1,7.5,326.3,1.0
22,강서,2019,454.0,4.934782608695652,13.093119028187578,82.0,25.298913043478265,1.590217391304348,13.4,37.4,13.0,357.2,1.0
23,강서,2020,937.5,10.190217391304348,20.803217522606467,85.5,24.92325581395349,1.6333333333333333,14.3,35.8,13.0,345.9,3.0
24,강서,2021,389.5,4.233695652173913,11.8362107573821,70.0,25.723076923076913,1.3235955056179776,13.0,38.1,10.6,345.9,0.0
25,양천,2017,836.5,9.092391304347826,23.703865469051006,131.0,25.823913043478267,1.3489130434782608,14.8,36.9,8.7,343.1,4.0
26,양천,2018,493.0,5.358695652173913,16.80288536298868,108.5,27.038461538461547,1.392307692307692,17.1,39.7,9.4,351.6,1.0
27,양천,2019,481.0,5.228260869565218,13.592259643521881,78.0,25.916483516483513,1.3593406593406592,15.6,38.8,10.5,345.9,0.0
28,양천,2020,970.5,10.548913043478262,22.0852568523464,104.5,25.473913043478273,1.421739130434783,15.7,36.6,10.6,343.1,3.0
29,양천,2021,527.0,5.728260869565218,14.651709768487443,86.5,26.75326086956522,1.0434782608695652,14.0,38.6,9.9,357.2,1.0
30,도봉,2017,1289.0,14.01086956521739,33.48182861773226,174.5,24.47391304347825,1.022826086956522,12.2,34.9,11.6,351.6,6.0
31,도봉,2018,980.0,10.652173913043478,35.82679173762535,249.5,25.726086956521748,1.0902173913043478,14.0,40.0,11.5,357.2,4.0
32,도봉,2019,559.6,6.0826086956521745,16.431921551272577,97.5,24.446590909090904,1.035555555555556,11.8,37.0,9.6,348.8,1.0
33,도봉,2020,1307.5,14.21195652173913,28.923851682131776,142.5,24.52173913043478,1.0902173913043476,14.4,34.9,15.7,357.2,4.0
34,도봉,2021,445.5,4.842391304347826,12.611247672026677,69.0,24.525287356321844,0.9293478260869562,12.8,34.7,19.7,357.2,0.0
35,노원,2017,973.0,10.576086956521738,27.15613532185184,163.0,24.292391304347817,1.1500000000000001,8.8,35.0,10.5,345.9,4.0
36,노원,2018,686.5,7.461956521739131,20.712080895724988,123.5,25.548351648351648,1.287912087912088,11.8,39.7,15.5,348.8,2.0
37,노원,2019,595.0,6.467391304347826,15.445011347924156,82.5,24.227173913043483,1.1652173913043478,9.8,35.7,11.7,334.7,1.0
38,노원,2020,1193.0,12.967391304347826,26.2009147927523,124.5,24.23260869565217,1.2217391304347824,11.7,36.4,13.6,334.7,4.0
39,노원,2021,368.5,4.005434782608695,11.856165124408415,76.0,24.42282608695652,1.1989130434782604,11.2,36.3,11.2,343.1,0.0
40,동대문,2017,1023.5,11.125,27.96334187844845,161.0,25.353260869565222,1.7010869565217395,14.4,35.9,15.6,354.4,4.0
41,동대문,2018,557.5,6.059782608695652,18.09329339524144,114.5,26.686956521739127,1.7576086956521741,16.4,40.3,13.2,357.2,1.0
42,동대문,2019,529.0,5.75,13.574276739885223,66.5,25.372826086956533,1.7021739130434779,15.1,36.1,11.8,357.2,0.0
43,동대문,2020,1032.5,11.472222222222221,23.67456810126688,105.0,25.105681818181814,1.748863636363636,15.4,36.2,17.2,357.2,4.0
44,동대문,2021,434.5,4.7228260869565215,13.07530264193579,83.5,25.810869565217384,1.5956521739130434,13.4,37.4,12.0,354.4,1.0
45,중랑,2017,1048.5,11.396739130434783,27.677254719540382,149.5,25.811956521739138,2.132608695652174,14.4,36.4,19.3,345.9,4.0
46,중랑,2018,545.5,5.929347826086956,17.82447716998123,114.0,27.03777777777778,2.2311111111111117,16.5,40.2,15.5,357.2,1.0
47,중랑,2019,643.0,6.989130434782608,16.721536133505154,91.0,25.84347826086957,2.038043478260869,15.0,37.0,15.7,357.2,1.0
48,중랑,2020,872.0,9.582417582417582,20.83963421200944,113.5,25.507692307692306,2.0554347826086965,16.1,36.1,15.3,357.2,2.0
49,중랑,2021,372.5,4.048913043478261,12.079648624585664,81.5,26.159340659340653,1.9725274725274728,14.3,37.1,12.8,351.6,1.0
50,기상청,2017,811.5,8.820652173913043,22.96121688605977,157.0,25.393478260869568,1.4793478260869561,14.7,36.2,13.5,340.3,3.0
51,기상청,2018,462.0,5.021739130434782,16.041140967387417,94.0,26.617582417582415,1.4449438202247187,15.7,39.5,14.5,354.6,2.0
52,기상청,2019,536.0,5.826086956521739,14.757459425512652,75.5,25.39239130434783,1.4010869565217392,14.0,37.5,12.8,337.7,0.0
53,기상청,2020,977.5,10.625,21.810828165723677,96.0,25.0,1.4043478260869566,14.4,36.5,17.4,340.6,3.0
54,기상청,2021,511.0,5.554347826086956,14.743494844484324,102.5,26.325274725274724,1.3739130434782612,14.2,37.3,15.3,357.5,1.0
55,마포,2017,852.5,9.266304347826088,23.61637668505756,135.0,25.237362637362637,2.426373626373626,14.2,36.4,15.0,343.1,3.0
56,마포,2018,493.0,5.358695652173913,15.832107814198983,89.0,26.418478260869566,2.33695652173913,16.6,39.0,17.7,340.3,2.0
57,마포,2019,388.5,4.2228260869565215,10.92566394251656,52.5,25.577777777777783,2.272222222222223,14.9,37.7,15.1,343.1,0.0
58,마포,2020,903.0,9.815217391304348,20.83131062007439,100.5,24.931111111111104,2.423595505617978,15.3,36.6,17.2,331.9,1.0
59,마포,2021,480.0,5.217391304347826,13.219471225943568,81.5,25.707608695652173,2.2869565217391297,13.3,36.9,19.6,343.1,1.0
60,서대문,2017,902.0,9.804347826086957,26.35701175779919,133.0,24.656043956043963,1.0877777777777773,13.7,36.1,9.8,343.1,5.0
61,서대문,2018,524.0,5.695652173913044,17.112580765305864,97.0,25.81413043478261,1.2445652173913042,15.2,39.4,8.2,357.2,1.0
62,서대문,2019,438.5,4.766304347826087,11.798084005128493,62.5,24.63369565217392,1.173913043478261,13.3,36.7,8.4,351.6,0.0
63,서대문,2020,1066.0,11.58695652173913,23.72004863230613,103.5,24.238202247190998,1.1200000000000006,13.6,36.4,9.9,351.6,3.0
64,서대문,2021,449.5,4.885869565217392,13.41990961075453,73.5,24.4804347826087,1.1108695652173914,11.9,35.5,13.6,316.7,0.0
65,광진,2017,777.0,8.445652173913043,21.980067958996017,116.0,25.34065934065935,1.4791208791208794,13.9,36.9,10.5,351.6,4.0
66,광진,2018,491.5,5.342391304347826,16.755174589884344,87.5,26.641758241758243,1.5945054945054948,15.9,40.7,9.8,315.0,3.0
67,광진,2019,610.5,6.635869565217392,16.604498142858954,91.5,25.320652173913043,1.4695652173913039,14.2,37.0,9.9,345.9,1.0
68,광진,2020,1001.5,10.88586956521739,22.9237991477725,102.5,24.895454545454538,1.4695652173913043,14.6,36.3,11.2,317.8,3.0
69,광진,2021,401.0,4.358695652173913,13.641268609223701,95.5,25.696739130434786,1.458695652173913,13.8,38.3,8.7,326.3,1.0
70,성북,2017,1030.5,11.201086956521738,28.449594889119126,151.0,24.756666666666657,1.597777777777778,13.6,35.3,18.1,340.3,4.0
71,성북,2018,709.0,7.706521739130435,22.336112800160645,138.0,25.984615384615378,1.7021978021978026,15.2,38.9,15.9,340.3,4.0
72,성북,2019,510.5,5.548913043478261,13.746939675938567,71.5,24.76521739130435,1.660869565217391,13.8,36.6,13.3,329.1,0.0
73,성북,2020,1209.5,13.146739130434783,26.318269470677578,127.0,23.5043956043956,1.7010869565217386,13.9,32.6,18.5,351.6,4.0
74,성북,2021,463.5,5.038043478260869,14.253442556147112,73.5,24.24615384615383,1.5695652173913046,12.3,33.9,17.1,331.9,0.0
75,용산,2017,744.5,8.092391304347826,22.083125842282328,148.5,25.826086956521735,1.896739130434783,14.5,36.7,13.3,354.4,2.0
76,용산,2018,493.5,5.364130434782608,15.408200909888965,85.5,27.032608695652176,1.955434782608696,17.0,39.8,12.7,357.2,2.0
77,용산,2019,488.5,5.309782608695652,14.973207278868408,80.5,25.89565217391304,2.0032608695652168,15.3,38.2,11.6,354.4,1.0
78,용산,2020,982.5,10.679347826086957,22.0819628947311,98.0,25.540229885057467,2.0902173913043494,15.7,36.7,16.8,351.6,2.0
79,용산,2021,416.5,4.5271739130434785,13.631001376233238,99.5,26.507608695652177,1.81304347826087,14.2,39.2,15.6,348.8,1.0
80,은평,2017,909.0,9.880434782608695,25.096010098934254,128.5,23.85222222222222,0.9044444444444442,9.1,34.0,8.4,354.4,3.0
81,은평,2018,684.5,7.440217391304348,25.820049538952865,172.5,24.8967032967033,0.9285714285714287,11.8,38.3,8.8,357.2,2.0
82,은평,2019,505.5,5.494565217391305,14.924626482195881,91.0,23.69239130434783,0.9413043478260871,9.8,36.2,9.9,351.6,1.0
83,은평,2020,1094.0,12.021978021978022,23.975787797033917,122.5,23.81904761904762,1.055952380952381,10.5,35.1,15.5,351.6,3.0
84,은평,2021,425.5,4.625,12.069766287785288,60.0,24.017582417582418,0.8855555555555559,11.0,36.7,12.5,267.2,0.0
85,금천,2017,655.5,7.2032967032967035,16.28035251153604,84.5,25.317045454545447,1.823595505617978,14.7,36.8,11.3,348.8,2.0
86,금천,2018,452.0,4.913043478260869,17.151331716413175,115.5,26.888505747126455,1.8333333333333333,17.1,38.7,10.6,351.6,2.0
87,금천,2019,455.0,4.945652173913044,12.612669481046712,76.5,25.697826086956525,1.8141304347826088,15.1,37.6,16.1,357.2,0.0
88,금천,2020,1046.0,11.369565217391305,22.672642851569396,101.0,25.235869565217385,1.8630434782608694,15.5,35.7,14.1,357.2,2.0
89,금천,2021,471.0,5.175824175824176,13.637850438795866,99.0,26.053932584269663,1.8606741573033707,14.2,37.6,13.2,351.6,1.0
90,한강,2017,789.5,8.581521739130435,24.072267246898775,169.0,25.629347826086967,2.1119565217391307,14.8,35.9,26.5,354.4,2.0
91,한강,2018,487.5,5.298913043478261,14.930803726003615,80.5,26.776086956521745,2.2891304347826087,17.3,39.0,17.4,357.2,1.0
92,한강,2019,485.0,5.271739130434782,12.980419117219283,70.0,25.72608695652174,2.0186813186813195,15.8,37.0,14.4,357.2,0.0
93,한강,2020,809.5,8.798913043478262,18.051066113017573,90.0,25.25326086956522,2.059782608695652,16.0,35.8,15.7,345.9,1.0
94,한강,2021,434.0,4.717391304347826,13.007036208226737,92.0,26.106521739130432,1.9890109890109893,14.1,37.1,13.5,343.1,1.0
95,중구,2017,672.5,7.309782608695652,22.475853024590435,154.5,24.213043478260865,1.3902173913043476,12.8,35.6,11.4,349.1,3.0
96,중구,2018,389.0,4.228260869565218,11.75374923664838,63.0,25.29673913043478,1.5521739130434786,15.1,38.4,14.8,347.0,0.0
97,중구,2019,402.0,4.369565217391305,12.230584426481116,69.5,24.178260869565218,1.4478260869565218,13.0,36.6,13.1,354.6,0.0
98,중구,2020,863.0,9.380434782608695,19.55386608652535,100.0,23.838043478260875,1.4043478260869566,13.5,36.6,19.1,337.0,2.0
99,중구,2021,364.5,3.9619565217391304,10.878760861798497,65.5,24.441758241758233,1.6802197802197811,12.1,36.1,15.1,346.1,0.0
100,성동,2017,960.5,10.440217391304348,27.047154833135533,146.0,25.588043478260875,2.115217391304347,14.7,36.3,16.0,345.9,5.0
101,성동,2018,536.0,5.826086956521739,16.305199531823437,83.5,26.835869565217386,2.1586956521739125,17.5,39.8,17.9,351.6,2.0
102,성동,2019,540.5,5.875,14.71853600728694,80.0,25.58043478260869,2.017391304347827,15.8,37.0,16.9,340.3,0.0
103,성동,2020,1059.0,11.51086956521739,24.821447906168245,119.0,25.21739130434782,2.0206521739130436,16.4,35.0,18.7,354.4,4.0
104,성동,2021,438.0,4.760869565217392,13.744624975570034,92.0,26.10434782608695,1.806521739130435,14.3,37.4,15.4,357.2,1.0
105,북악산,2017,1145.5,12.451086956521738,31.02622603705203,151.5,22.872222222222224,2.218888888888889,12.4,33.4,18.4,357.2,6.0
106,북악산,2018,482.5,5.302197802197802,14.586500441024059,88.0,24.102222222222217,2.065555555555556,13.8,36.1,19.8,357.2,1.0
107,구로,2017,752.0,8.173913043478262,21.13788260973943,110.0,25.12065217391305,2.05,14.1,36.5,22.5,337.5,3.0
108,구로,2018,480.0,5.217391304347826,15.6018990721766,97.0,26.25,2.0966666666666667,15.5,38.9,14.4,357.2,1.0
109,구로,2019,452.5,4.918478260869565,13.268006047332422,72.0,25.18152173913044,1.9673913043478255,13.3,38.0,16.3,345.9,0.0
110,구로,2020,894.5,9.722826086956522,21.16164425392936,98.0,24.751685393258413,2.2597826086956525,14.0,35.3,21.9,345.9,3.0
111,구로,2021,447.5,4.864130434782608,13.771507307526702,99.0,25.623913043478257,1.942391304347827,13.2,36.4,17.0,343.1,1.0
112,강북,2017,1049.0,11.402173913043478,27.626356973328452,138.5,25.464130434782625,1.8576086956521733,14.2,36.1,16.7,337.5,5.0
113,강북,2018,724.5,7.875,26.458408684384064,180.5,26.813043478260862,1.9717391304347827,16.7,41.8,17.8,326.3,2.0
114,강북,2019,524.5,5.701086956521739,14.780827309335546,74.5,25.590217391304353,1.8847826086956532,14.6,38.9,13.0,329.1,0.0
115,강북,2020,1195.0,12.98913043478261,26.145511902468847,131.0,25.366304347826077,1.8989130434782608,15.7,37.1,16.9,317.8,3.0
116,강북,2021,455.0,4.945652173913044,13.077002824298026,68.0,26.041304347826085,1.6978260869565216,13.8,38.8,16.8,357.2,0.0
117,남현,2017,993.0,10.793478260869565,25.100583611917532,148.0,24.317391304347833,1.173913043478261,13.1,34.7,12.5,357.2,3.0
118,남현,2018,540.5,5.875,20.29895046818653,109.5,25.562637362637364,1.232558139534884,14.8,38.8,11.7,331.9,4.0
119,남현,2019,538.0,5.8478260869565215,16.53147831991892,105.5,24.310000000000002,1.0522222222222224,12.0,35.4,12.8,354.4,1.0
120,남현,2020,1235.0,13.423913043478262,26.213088625514143,119.5,24.299999999999994,0.7719101123595511,12.0,35.0,15.1,343.1,5.0
121,남현,2021,489.0,5.315217391304348,14.530134921305534,103.0,24.02222222222222,1.0445652173913038,11.4,35.8,11.6,345.9,1.0
122,관악,2017,815.5,8.86413043478261,20.08554551900413,109.5,24.047826086956523,1.5934782608695648,11.3,35.4,10.4,354.4,2.0
123,관악,2018,494.0,5.369565217391305,18.11605892620351,102.5,24.775824175824184,1.4758241758241752,12.4,38.6,9.9,357.2,4.0
124,관악,2019,558.5,6.070652173913044,15.70741784616972,87.5,23.400000000000006,1.6967391304347827,11.5,36.1,9.4,357.2,1.0
125,관악,2020,981.0,11.02247191011236,21.664527735495252,87.5,23.303260869565214,1.8021739130434784,10.7,34.4,13.4,354.4,1.0
126,관악,2021,461.5,5.016304347826087,13.596915270508509,89.0,23.795652173913048,1.635869565217392,11.0,35.9,10.0,357.2,1.0
127,영등포 ,2017,846.0,9.195652173913043,24.298731089030724,142.0,25.981521739130432,1.1630434782608692,14.9,36.2,11.3,354.4,4.0
128,영등포 ,2018,509.5,5.538043478260869,16.33815625999797,100.5,27.192391304347833,1.1978260869565216,17.5,39.7,8.5,348.8,2.0
129,영등포 ,2019,498.5,5.418478260869565,13.412573478985774,75.0,25.964130434782618,0.8750000000000001,15.7,38.2,7.6,345.9,0.0
130,영등포 ,2020,937.5,10.190217391304348,21.181170674941754,98.5,25.509782608695645,0.8641304347826086,16.0,36.3,9.6,357.2,3.0
131,영등포 ,2021,457.0,4.967391304347826,13.214586585074429,92.0,26.459340659340658,1.1494505494505496,14.7,37.7,9.1,357.2,1.0
132,현충원,2017,861.5,9.36413043478261,23.698553679250008,152.0,25.14719101123596,0.9999999999999997,12.3,36.6,10.6,348.8,3.0
133,현충원,2018,512.5,5.570652173913044,17.272951210665745,101.5,26.432608695652174,1.0260869565217394,14.6,39.9,14.3,357.2,2.0
134,현충원,2019,505.0,5.489130434782608,14.136691069708718,79.0,25.28241758241759,1.0163043478260867,12.6,37.9,8.8,340.3,0.0
135,현충원,2020,1049.0,11.402173913043478,23.41494299932694,100.0,25.027173913043487,0.9858695652173912,12.7,36.2,10.0,343.1,3.0
136,현충원,2021,500.0,5.434782608695652,14.256522970379873,101.5,25.53260869565218,0.8532608695652174,12.5,38.5,8.9,323.4,1.0
137,강남,2007,465.0,5.054347826086956,11.984526773618457,76.0,25.492391304347827,1.7141304347826092,15.9,34.5,14.3,306.2,0.0
138,강남,2008,802.5,8.722826086956522,20.89039478141253,113.0,24.949999999999996,1.668478260869565,13.7,36.6,11.7,353.2,2.0
139,강남,2009,1064.0,11.565217391304348,34.72515456110859,190.5,24.776136363636365,1.6136363636363642,15.4,35.5,16.0,359.6,5.0
140,강남,2010,778.0,8.456521739130435,18.43084075850736,100.0,26.490217391304355,1.498901098901099,13.8,36.2,13.0,306.3,1.0
141,강남,2011,1579.0,17.16304347826087,43.19570266932799,320.0,25.15760869565218,1.5467391304347828,15.6,35.7,17.1,308.3,5.0
142,강남,2012,1021.5,11.103260869565217,30.15004036987058,177.0,26.377173913043475,1.6630434782608696,16.7,38.1,16.5,299.0,3.0
143,강남,2013,873.0,9.48913043478261,24.542626996613212,152.0,26.463043478260865,1.693478260869565,16.6,34.8,13.1,292.5,2.0
144,강남,2014,567.0,6.163043478260869,15.79384855486189,86.0,25.097826086956516,1.6749999999999996,17.7,35.3,15.2,343.1,1.0
145,강남,2015,373.0,4.144444444444445,10.171353374215796,53.5,25.615909090909085,1.7284090909090912,16.7,35.5,18.1,354.4,0.0
146,강남,2016,502.0,5.456521739130435,18.41965806287859,115.5,26.511956521739126,1.629347826086957,16.6,36.4,11.1,337.5,2.0
147,서초,2007,485.0,5.271739130434782,13.287069861847526,89.5,25.788043478260885,1.3347826086956527,16.1,36.2,13.9,328.1,1.0
148,서초,2008,795.5,8.646739130434783,19.8836641276197,109.0,25.291304347826088,1.2239130434782612,14.0,38.4,10.7,325.3,2.0
149,서초,2009,1112.5,12.092391304347826,36.13337087682412,204.0,25.131868131868128,1.254945054945055,14.2,36.4,14.0,325.9,5.0
150,서초,2010,833.0,9.054347826086957,20.303122766596516,100.5,26.08478260869565,1.0868131868131865,13.3,35.6,7.6,348.8,2.0
151,서초,2011,1312.5,14.747191011235955,37.565558119009026,281.0,24.91411764705882,1.072093023255814,15.1,37.1,8.4,334.7,3.0
152,서초,2012,1098.0,11.934782608695652,31.5787187861066,178.5,26.354945054945052,1.1880434782608695,16.7,38.8,10.8,357.2,5.0
153,서초,2013,770.0,8.369565217391305,23.19682499651142,156.0,26.63804347826087,1.157608695652174,15.8,36.0,9.5,334.7,2.0
154,서초,2014,484.5,5.266304347826087,13.12711544165139,86.0,25.405434782608697,1.1586956521739127,17.8,36.2,8.5,326.3,1.0
155,서초,2015,366.0,3.9782608695652173,10.157526588335257,48.5,25.97717391304347,1.1619565217391312,16.0,37.1,9.1,351.6,0.0
156,서초,2016,497.0,5.4021739130434785,17.30642374710838,107.5,27.084782608695644,1.0923913043478262,17.0,38.9,11.2,337.5,2.0
157,강동,2007,599.0,6.510869565217392,14.990285913317981,86.5,25.125274725274732,1.2163043478260869,14.2,36.1,13.2,347.5,1.0
158,강동,2008,824.0,8.956521739130435,20.630801172022437,105.5,24.677173913043486,1.5684782608695644,13.3,37.0,16.0,359.1,3.0
159,강동,2009,1098.5,11.940217391304348,36.35756813088277,208.0,24.300000000000008,1.3296703296703298,13.0,35.3,21.4,354.4,5.0
160,강동,2010,856.5,9.309782608695652,18.483708655638008,82.5,25.75217391304348,1.4681318681318678,11.2,35.1,13.8,280.4,1.0
161,강동,2011,1686.5,18.331521739130434,44.022613892437136,315.5,24.258695652173916,1.369565217391304,14.4,34.2,16.8,357.2,5.0
162,강동,2012,1129.0,12.271739130434783,30.899021379598963,164.0,25.225,1.4815217391304345,14.4,36.1,21.1,351.6,4.0
163,강동,2013,1002.0,10.891304347826088,25.770737524675063,177.0,25.642391304347825,1.4,14.0,34.1,16.5,357.2,2.0
164,강동,2014,552.0,6.0,17.206885920378593,104.5,24.4945652173913,1.355434782608695,17.4,34.9,19.6,348.8,1.0
165,강동,2015,454.5,4.940217391304348,10.765952230283634,47.5,25.196739130434782,1.3989130434782608,14.9,35.5,16.5,351.6,0.0
166,강동,2016,514.0,5.586956521739131,19.525780182475494,134.5,25.700000000000006,1.3282608695652172,16.0,36.3,11.8,357.2,2.0
167,송파,2007,559.5,6.081521739130435,14.120221096452735,90.5,25.60434782608696,1.6641304347826087,15.7,34.9,13.8,352.8,1.0
168,송파,2008,882.5,9.592391304347826,21.61513121670854,104.5,24.847826086956513,1.652173913043478,14.0,37.3,13.0,350.3,3.0
169,송파,2009,1149.0,12.48913043478261,36.52539221088014,221.0,24.659340659340653,1.5865168539325845,14.6,35.8,16.1,358.7,5.0
170,송파,2010,857.5,9.320652173913043,19.44074987272742,93.5,26.094565217391306,1.436263736263736,13.5,35.4,10.2,357.2,2.0
171,송파,2011,1478.0,16.065217391304348,33.607071583102595,209.0,24.87499999999999,1.5293478260869566,15.4,35.2,12.4,345.9,4.0
172,송파,2012,1050.0,11.41304347826087,30.132729157174385,164.5,26.08043478260869,1.6891304347826093,16.5,37.8,17.1,357.2,3.0
173,송파,2013,872.5,9.483695652173912,24.04819463728926,146.5,26.446739130434782,1.5576086956521744,15.8,35.2,10.9,326.3,2.0
174,송파,2014,616.0,6.695652173913044,18.328647564619082,99.0,25.20652173913042,1.5054347826086956,18.0,35.0,12.7,357.2,2.0
175,송파,2015,412.0,4.478260869565218,10.725576150276266,73.5,25.262637362637367,1.307692307692308,16.6,35.9,11.9,348.8,0.0
176,송파,2016,456.5,4.961956521739131,16.839291065911432,116.5,26.552173913043486,1.4673913043478262,16.6,37.5,9.6,345.9,2.0
177,강서,2007,483.0,5.25,11.939292411893733,61.5,24.834782608695654,1.9521739130434788,15.3,34.6,17.1,317.1,0.0
178,강서,2008,717.5,7.798913043478261,19.068998455667398,108.5,24.30434782608697,2.0358695652173906,13.8,35.7,17.1,296.1,2.0
179,강서,2009,1011.5,10.994565217391305,33.45248348713797,183.5,24.208791208791208,1.7483516483516484,14.2,35.5,17.5,318.7,6.0
180,강서,2010,842.0,9.152173913043478,20.616559429126298,108.0,25.182608695652167,1.6505494505494507,14.1,34.4,11.1,323.4,2.0
181,강서,2011,1503.5,16.342391304347824,38.84690501679201,252.5,24.172826086956526,1.8434782608695652,13.5,34.7,15.5,326.3,6.0
182,강서,2012,794.0,8.630434782608695,21.772281698488502,112.0,25.275,1.9326086956521735,16.1,35.9,20.8,337.5,3.0
183,강서,2013,784.5,8.62087912087912,22.210025346343613,161.5,25.736666666666657,1.6700000000000002,16.0,34.7,10.8,331.9,1.0
184,강서,2014,449.5,4.885869565217392,12.221199213847964,62.5,24.60760869565218,1.5380434782608705,17.5,34.9,13.8,340.3,0.0
185,강서,2015,351.0,3.8152173913043477,9.009066675844071,46.5,25.12747252747253,1.5945054945054944,16.2,35.2,10.6,323.4,0.0
186,강서,2016,407.5,4.429347826086956,16.318192760064168,113.5,25.911111111111126,1.5086956521739125,16.3,36.6,12.2,320.6,2.0
187,양천,2007,482.5,5.244565217391305,12.10428462992726,67.0,25.96521739130435,1.7260869565217392,16.4,35.5,14.5,334.5,0.0
188,양천,2008,711.0,7.813186813186813,18.771676115249385,93.5,25.448913043478264,1.66195652173913,14.3,38.2,14.4,359.0,3.0
189,양천,2009,935.0,10.16304347826087,30.28990952787545,167.0,25.32637362637363,1.639560439560439,15.6,36.8,14.9,335.5,5.0
190,양천,2010,792.0,8.608695652173912,20.117215044263055,102.0,26.390217391304343,1.142857142857143,14.5,36.0,10.5,357.2,2.0
191,양천,2011,1311.5,14.903409090909092,41.00762880767946,287.0,24.864130434782613,1.5554347826086954,13.9,35.7,11.8,354.4,5.0
192,양천,2012,1001.0,10.880434782608695,27.510474485226414,149.5,26.22282608695653,1.6586956521739133,16.8,37.2,15.5,343.1,3.0
193,양천,2013,667.0,7.25,19.896918420633952,146.0,26.470652173913045,1.590217391304348,15.8,35.2,12.6,351.6,1.0
194,양천,2014,509.5,5.538043478260869,14.093532476580119,76.0,25.2891304347826,1.4706521739130436,17.8,35.8,15.7,354.4,0.0
195,양천,2015,409.0,4.445652173913044,10.564936960369836,61.0,25.841304347826092,1.526086956521739,16.9,36.0,13.5,351.6,0.0
196,양천,2016,472.0,5.130434782608695,17.96071255304985,126.5,26.67391304347826,1.3739130434782614,16.7,37.3,9.3,351.6,2.0
197,도봉,2007,562.0,6.108695652173913,12.970767235425408,61.5,24.826086956521745,0.7630434782608699,12.0,35.2,15.5,359.4,0.0
198,도봉,2008,982.0,10.673913043478262,27.226102010270846,170.5,24.016304347826086,0.8391304347826088,12.3,36.5,16.6,358.7,2.0
199,도봉,2009,1012.5,11.005434782608695,33.63307949136718,202.0,24.096703296703293,0.7571428571428569,12.7,35.8,14.1,359.6,5.0
200,도봉,2010,1004.5,10.918478260869565,23.464290986625116,124.5,25.41428571428571,0.4777777777777779,10.0,35.0,10.7,359.2,3.0
201,도봉,2011,1420.5,15.440217391304348,29.306062305678488,165.5,23.561797752808985,0.9377777777777782,13.3,34.0,15.1,348.8,4.0
202,도봉,2012,1029.5,11.190217391304348,26.11837406287929,129.0,24.801086956521743,1.1608695652173915,13.4,36.0,21.2,357.2,4.0
203,도봉,2013,940.0,10.217391304347826,22.96501212999708,132.5,25.21847826086957,1.158695652173913,13.9,34.3,14.6,348.8,2.0
204,도봉,2014,472.0,5.130434782608695,12.829368258756036,74.5,23.888043478260876,0.9793478260869565,15.5,35.0,17.6,357.2,0.0
205,도봉,2015,530.5,5.766304347826087,13.294105751442267,78.0,24.258695652173902,1.080434782608696,13.3,35.5,15.8,357.2,0.0
206,도봉,2016,589.5,6.407608695652174,22.923059236678572,155.0,24.95978260869565,1.0271739130434785,13.3,35.5,15.3,354.4,2.0
207,노원,2007,583.0,6.336956521739131,14.082197610335909,75.0,24.597826086956523,1.5793478260869567,12.1,34.4,15.8,341.1,0.0
208,노원,2008,876.0,9.521739130434783,24.782783043954662,129.0,23.839130434782607,1.4956521739130435,11.1,37.0,15.0,354.1,3.0
209,노원,2009,952.5,10.353260869565217,31.21236529793343,192.0,23.681111111111115,1.4577777777777776,11.5,35.0,15.4,348.8,5.0
210,노원,2010,941.5,10.233695652173912,20.638363281503732,97.5,25.115217391304352,1.2043956043956041,9.6,34.1,13.2,357.6,2.0
211,노원,2011,1592.5,17.309782608695652,41.78272175570733,275.5,24.005434782608706,1.7521739130434781,13.5,34.6,14.9,357.2,5.0
212,노원,2012,1033.0,11.228260869565217,29.671221585044016,174.5,24.807608695652174,1.7119565217391297,13.3,36.4,21.7,334.7,5.0
213,노원,2013,913.5,9.929347826086957,22.546238389231604,145.5,25.070652173913043,1.1641304347826085,12.1,33.8,15.3,337.5,2.0
214,노원,2014,529.5,5.755434782608695,14.110142592642745,68.0,23.809782608695663,1.2054347826086955,14.7,34.1,11.2,348.8,0.0
215,노원,2015,508.0,5.521739130434782,13.405737873433122,80.0,23.97391304347826,1.3152173913043477,10.0,34.9,13.2,345.9,0.0
216,노원,2016,486.5,5.288043478260869,17.62026706706151,115.0,24.673913043478255,1.1902173913043477,11.3,35.9,10.2,345.9,2.0
217,동대문,2007,492.5,5.353260869565218,12.025279700998357,81.5,25.801086956521736,2.1532608695652176,15.2,35.7,17.3,297.7,1.0
218,동대문,2008,873.5,9.494565217391305,24.24276198373641,128.0,25.258695652173905,1.8902173913043472,14.1,38.2,16.4,353.9,3.0
219,동대문,2009,1011.5,10.994565217391305,32.159756997504765,190.5,25.272527472527475,1.2780219780219784,15.5,37.3,17.9,352.0,5.0
220,동대문,2010,902.0,9.804347826086957,20.909663957671402,98.5,26.184782608695652,1.3340659340659344,13.4,35.4,12.3,357.6,2.0
221,동대문,2011,1539.0,16.912087912087912,42.754700417783404,288.0,24.301111111111116,1.5869565217391302,14.9,34.6,14.4,357.2,4.0
222,동대문,2012,1166.0,12.673913043478262,33.4295581177556,199.5,25.444565217391315,1.7543478260869563,15.9,36.3,21.5,357.2,4.0
223,동대문,2013,908.5,9.875,23.525369168314757,150.0,25.930434782608703,1.7358695652173914,16.1,33.9,16.2,357.2,2.0
224,동대문,2014,502.5,5.461956521739131,14.165860853205306,68.0,24.525000000000002,1.602173913043478,17.6,34.4,22.0,354.4,0.0
225,동대문,2015,337.5,3.6684782608695654,10.117245958793879,73.0,24.99891304347827,1.8369565217391302,15.7,35.6,17.0,357.2,0.0
226,동대문,2016,486.5,5.288043478260869,17.751990090519794,112.5,26.07934782608696,1.6758241758241765,16.6,37.0,15.1,357.2,2.0
227,중랑,2007,467.0,5.076086956521739,12.012570060768967,80.5,25.588043478260857,2.4543478260869556,14.9,34.8,19.2,353.3,1.0
228,중랑,2008,587.0,6.522222222222222,19.377519569572453,115.5,25.00978260869565,2.4119565217391314,14.1,36.8,23.2,312.2,2.0
229,중랑,2009,1052.0,11.434782608695652,34.08765505904959,198.0,24.92637362637363,2.3175824175824173,15.1,35.2,20.1,359.3,5.0
230,중랑,2010,895.0,9.728260869565217,20.488594125753984,97.0,26.49891304347825,2.195604395604396,13.9,35.8,14.8,355.2,2.0
231,중랑,2011,1483.0,16.296703296703296,41.15951206532256,301.0,25.83478260869563,2.1369565217391298,16.1,36.0,19.0,343.1,5.0
232,중랑,2012,1171.5,12.733695652173912,33.418709891428385,186.0,27.01739130434783,2.314130434782609,17.1,38.0,24.6,348.8,6.0
233,중랑,2013,979.5,10.646739130434783,24.183880977626202,154.0,26.394565217391307,2.1597826086956524,16.3,34.4,17.4,351.6,2.0
234,중랑,2014,543.0,5.9021739130434785,16.070968831349685,83.0,25.1304347826087,2.1369565217391298,17.9,34.8,19.8,343.1,2.0
235,중랑,2015,442.0,4.804347826086956,11.285008172797445,66.0,25.56195652173915,2.178260869565218,16.0,35.6,14.7,357.2,0.0
236,중랑,2016,486.5,5.288043478260869,18.86857869750721,126.0,26.468478260869574,2.0836956521739127,16.7,37.4,13.7,357.2,2.0
237,기상청,2007,485.0,5.271739130434782,12.903788744983203,87.5,24.914942528735637,1.2725274725274724,15.2,33.6,8.8,319.2,1.0
238,기상청,2008,790.5,8.592391304347826,20.226455495492342,107.5,24.314285714285713,1.851648351648352,13.7,35.1,18.1,343.1,3.0
239,기상청,2009,1014.5,11.027173913043478,33.118034339599205,186.5,24.217777777777783,1.7444444444444445,14.5,33.9,14.2,340.3,5.0
240,기상청,2010,719.0,7.815217391304348,18.2257994580838,96.5,25.647252747252747,1.6890109890109888,13.4,34.4,13.1,340.3,2.0
241,기상청,2011,1605.5,17.45108695652174,40.9200547155844,266.5,24.316304347826097,1.7111111111111108,14.2,34.2,17.0,348.8,5.0
242,기상청,2012,1053.0,11.445652173913043,31.7499205261391,176.0,25.665217391304346,1.7913043478260875,15.9,35.8,21.8,326.3,5.0
243,기상청,2013,710.0,7.717391304347826,22.732474755392094,176.0,25.867391304347827,1.7815217391304345,15.3,33.9,13.3,357.2,2.0
244,기상청,2014,429.0,4.663043478260869,11.731920553183981,63.0,24.75108695652175,1.5489130434782603,16.8,35.5,17.6,320.6,0.0
245,기상청,2015,363.5,3.9510869565217392,9.994795289123049,63.5,25.304347826086957,1.5804347826086944,15.7,35.1,13.1,329.1,0.0
246,기상청,2016,434.5,4.7228260869565215,15.827254996261187,99.0,26.12717391304347,1.4836956521739126,16.3,36.2,12.1,343.1,2.0
247,마포,2007,483.5,5.255434782608695,12.056983422873076,64.5,25.58043478260869,2.323913043478262,16.5,34.5,15.9,312.4,0.0
248,마포,2008,755.5,8.302197802197803,21.402216801184032,112.0,24.61521739130435,2.3532608695652164,14.1,36.5,14.0,320.9,3.0
249,마포,2009,996.5,10.831521739130435,31.732854432056946,187.0,24.547252747252756,2.105494505494505,15.5,35.5,18.0,303.4,5.0
250,마포,2010,799.5,8.690217391304348,19.965883317687663,98.0,26.0,2.0373626373626372,15.2,34.5,14.1,325.8,2.0
251,마포,2011,1589.5,17.277173913043477,44.10971362275558,309.0,24.66521739130435,2.1630434782608683,14.4,35.8,19.7,297.3,6.0
252,마포,2012,951.0,10.33695652173913,26.25886649793419,138.5,25.248913043478257,2.6119565217391303,15.9,35.5,22.7,351.6,3.0
253,마포,2013,753.5,8.190217391304348,20.860320711149242,146.0,25.37717391304347,2.2532608695652177,16.3,34.3,18.0,354.4,1.0
254,마포,2014,510.5,5.548913043478261,13.598048458601157,61.0,24.308791208791213,2.252747252747253,16.8,34.8,16.5,337.5,0.0
255,마포,2015,312.0,3.391304347826087,8.695655757285452,46.5,25.13222222222223,2.34111111111111,15.9,37.0,14.6,337.5,0.0
256,마포,2016,431.0,4.684782608695652,15.94990740117534,107.0,25.886956521739133,2.351086956521739,16.0,36.3,16.4,351.6,2.0
257,서대문,2007,378.5,4.15934065934066,9.410065273382989,49.0,24.300000000000008,1.3786516853932589,12.7,35.0,14.0,338.3,0.0
258,서대문,2008,781.0,8.48913043478261,22.953605651887468,122.5,23.48409090909091,1.4454545454545453,13.3,35.6,13.2,340.7,3.0
259,서대문,2009,1017.0,11.175824175824175,32.2902095263817,190.5,23.439325842696622,1.348314606741573,12.3,34.3,25.8,357.2,6.0
260,서대문,2010,846.0,9.195652173913043,20.070474257790536,97.5,24.903370786516867,1.282954545454546,13.0,33.7,31.9,357.2,2.0
261,서대문,2011,1597.5,17.36413043478261,40.76925846148398,267.0,23.676086956521736,1.3228260869565218,13.3,34.4,17.1,357.2,5.0
262,서대문,2012,930.0,10.108695652173912,24.36059533084911,116.5,25.001098901098906,1.3846153846153844,14.7,36.8,17.5,357.2,3.0
263,서대문,2013,76.0,12.666666666666666,26.47955185924918,66.5,25.108695652173928,1.1347826086956527,14.1,34.4,9.4,357.2,0.0
264,서대문,2014,0.0,0.0,0.0,0.0,23.9945652173913,1.0597826086956523,15.9,35.2,9.6,357.2,0.0
265,서대문,2015,379.5,4.125,11.011887931875071,70.5,24.32065217391304,1.1695652173913043,14.6,34.7,8.8,357.2,0.0
266,서대문,2016,482.0,5.239130434782608,17.626696514230282,114.5,25.190217391304344,1.047826086956522,15.7,36.0,7.8,351.6,2.0
267,광진,2007,508.0,5.521739130434782,13.077728959738616,91.0,25.713043478260865,2.178260869565216,9.8,34.7,15.8,320.3,1.0
268,광진,2008,758.0,8.23913043478261,20.20560229418346,109.0,25.222727272727266,2.1793478260869565,14.0,36.9,20.1,334.5,2.0
269,광진,2009,1033.5,11.233695652173912,33.721015318405776,186.5,25.1901098901099,2.032967032967033,15.4,36.0,18.5,297.5,4.0
270,광진,2010,742.0,8.065217391304348,18.032512973183906,93.0,26.64782608695652,1.8582417582417579,13.8,36.2,13.2,317.9,1.0
271,광진,2011,1556.0,16.91304347826087,40.59432163341579,282.0,25.084782608695654,1.990109890109891,15.3,36.5,19.2,351.6,4.0
272,광진,2012,1038.0,11.282608695652174,30.204186481877173,181.5,26.064130434782616,1.729347826086957,16.4,37.7,20.5,357.2,3.0
273,광진,2013,888.5,9.657608695652174,24.11726495571376,166.0,26.508695652173916,1.5630434782608689,16.3,36.6,17.1,354.4,2.0
274,광진,2014,549.5,5.9728260869565215,15.10428294736421,87.5,25.210869565217394,1.644565217391304,17.9,35.4,19.9,312.2,1.0
275,광진,2015,398.0,4.326086956521739,10.368335879755843,53.0,25.680434782608696,1.672826086956522,16.4,36.0,13.4,345.9,0.0
276,광진,2016,511.5,5.559782608695652,18.777155045442143,118.5,25.782417582417587,1.5483516483516486,16.4,36.1,12.2,331.9,2.0
277,성북,2007,552.0,6.0,13.077747226776959,62.0,24.686956521739138,1.9423913043478254,13.4,34.0,24.0,358.9,0.0
278,성북,2008,898.0,9.76086956521739,24.99147967564954,151.0,24.136956521739133,1.957608695652174,13.7,36.3,16.3,356.5,3.0
279,성북,2009,966.5,10.505434782608695,30.95126393815487,195.0,24.04615384615385,1.8362637362637355,12.9,35.4,19.4,359.1,5.0
280,성북,2010,894.5,9.82967032967033,22.03951246942885,105.5,25.538202247191002,1.7011363636363634,12.4,34.4,13.8,349.4,2.0
281,성북,2011,1683.0,18.293478260869566,41.938216735259346,285.0,23.62666666666667,1.5122222222222221,14.0,34.1,16.1,345.9,6.0
282,성북,2012,1013.0,11.01086956521739,27.093040574789594,131.5,25.044444444444434,1.7576086956521737,15.0,36.1,24.6,354.4,5.0
283,성북,2013,875.5,9.516304347826088,23.382210186914232,158.0,25.480434782608704,1.6608695652173915,15.5,34.4,17.6,331.9,3.0
284,성북,2014,476.0,5.173913043478261,12.842544932528122,70.5,24.259782608695648,1.6336956521739134,16.8,35.2,19.6,340.3,0.0
285,성북,2015,435.5,4.733695652173913,11.55979464030978,69.0,25.169999999999998,1.6811111111111106,15.4,35.9,15.5,337.5,0.0
286,성북,2016,553.5,6.016304347826087,19.362285063890713,120.0,25.289130434782603,1.5413043478260868,15.8,35.8,13.1,331.9,2.0
287,용산,2007,446.5,4.853260869565218,10.875301699358888,60.5,25.878260869565224,2.0152173913043487,15.8,35.5,17.8,340.0,0.0
288,용산,2008,516.5,5.675824175824176,11.732048610151795,51.0,25.034782608695647,1.9923913043478256,13.7,38.2,18.3,355.0,0.0
289,용산,2009,887.0,9.641304347826088,28.796780009912943,162.5,24.80439560439561,1.9472527472527466,14.3,36.9,17.6,359.2,4.0
290,용산,2010,803.0,8.728260869565217,20.92259584091821,105.5,26.115217391304363,1.8532608695652173,14.0,34.7,13.6,345.9,2.0
291,용산,2011,1509.5,16.407608695652176,40.32300418801031,273.0,24.730434782608693,1.766304347826086,14.7,34.9,13.8,351.6,4.0
292,용산,2012,917.0,9.967391304347826,27.77319883160209,170.0,26.10777777777778,2.0663043478260863,17.1,37.4,19.3,331.9,3.0
293,용산,2013,699.5,7.603260869565218,20.9628842653488,154.5,26.448913043478278,2.055434782608696,16.1,35.4,14.4,354.4,2.0
294,용산,2014,413.0,4.489130434782608,11.511336567280855,64.0,25.196739130434775,2.054347826086955,17.4,35.4,18.1,357.2,0.0
295,용산,2015,409.0,4.445652173913044,11.36566463243695,71.0,25.7554347826087,1.9967391304347815,16.6,36.2,12.3,351.6,0.0
296,용산,2016,402.5,4.375,14.84584246385292,93.5,26.626086956521732,1.8619565217391303,16.8,37.1,11.3,340.3,2.0
297,은평,2007,329.5,3.5815217391304346,8.93175504636762,51.0,24.772527472527475,1.6233333333333333,12.9,33.5,14.8,357.5,0.0
298,은평,2008,870.5,9.46195652173913,24.373606885593965,134.0,24.35494505494505,1.6637362637362634,14.4,36.3,19.5,294.9,2.0
299,은평,2009,1130.5,12.28804347826087,36.56653079185849,221.5,24.17472527472528,1.4560439560439558,13.1,35.2,14.5,294.8,5.0
300,은평,2010,1010.0,10.978260869565217,23.341811873922143,108.0,25.26521739130435,1.978260869565217,12.6,34.0,11.3,334.7,2.0
301,은평,2011,1612.0,17.52173913043478,41.2582934082854,278.5,23.962637362637366,2.1000000000000005,14.6,33.7,16.6,334.7,5.0
302,은평,2012,752.0,8.173913043478262,20.101587436987682,98.0,24.57802197802196,1.0780219780219786,11.9,36.3,14.5,343.1,2.0
303,은평,2013,815.5,8.961538461538462,22.420753130530002,147.0,24.62637362637363,0.9219780219780224,11.9,35.0,12.4,357.2,2.0
304,은평,2014,439.5,4.7771739130434785,12.140515252936531,64.5,23.370652173913033,0.8293478260869568,14.8,35.0,10.0,357.2,0.0
305,은평,2015,338.5,3.6793478260869565,10.008397990648952,67.0,23.71666666666666,0.8866666666666662,10.1,34.7,9.8,357.2,0.0
306,은평,2016,378.5,4.114130434782608,15.984900715484558,120.5,24.141758241758243,0.8219780219780223,11.9,35.7,9.7,354.4,2.0
307,금천,2007,453.0,4.923913043478261,12.54813474659597,84.5,23.83181818181818,2.2344827586206897,15.3,32.3,17.0,342.9,1.0
308,금천,2008,866.5,9.418478260869565,21.687373798462726,114.0,24.067391304347826,2.205434782608696,14.1,35.1,21.0,349.4,3.0
309,금천,2009,974.5,10.592391304347826,30.889463453750416,159.0,23.961797752808994,2.078651685393259,14.5,34.2,18.0,354.2,5.0
310,금천,2010,665.0,7.228260869565218,17.93630565859235,94.0,25.972826086956516,1.9260869565217396,14.1,34.8,12.6,317.8,2.0
311,금천,2011,1363.5,14.983516483516484,36.685786723156795,249.0,24.616304347826098,2.0619047619047617,13.8,35.2,17.1,351.6,4.0
312,금천,2012,1057.0,11.48913043478261,31.892330734443156,172.0,26.01555555555556,2.1477777777777787,16.1,36.9,20.4,351.6,6.0
313,금천,2013,714.5,7.766304347826087,20.400717920861858,135.5,25.958695652173915,2.088043478260869,15.3,34.1,12.4,354.4,2.0
314,금천,2014,480.5,5.2228260869565215,13.678884853180275,83.0,24.68260869565217,1.9369565217391307,17.1,35.3,14.8,351.6,1.0
315,금천,2015,417.0,4.532608695652174,12.222705485434059,67.5,25.05,1.9521739130434779,15.8,35.8,12.0,351.6,0.0
316,금천,2016,466.5,5.070652173913044,16.974865310724798,103.0,26.047826086956523,1.8217391304347825,16.6,37.1,10.4,357.2,2.0
317,한강,2007,419.5,4.559782608695652,10.612775421633302,72.5,25.434782608695652,2.3619565217391307,16.6,35.3,19.4,352.9,0.0
318,한강,2008,622.0,6.760869565217392,15.872859942430999,88.0,25.049999999999994,2.4336956521739124,14.3,38.4,16.3,323.2,1.0
319,한강,2009,883.0,9.597826086956522,29.003053944012727,168.5,24.896703296703297,2.1549450549450544,16.1,35.1,16.1,354.1,4.0
320,한강,2010,754.0,8.195652173913043,19.935329029791287,94.5,26.590361445783127,2.0347826086956515,15.5,36.3,13.5,319.8,3.0
321,한강,2011,1466.0,15.934782608695652,38.419190016067276,256.5,24.863043478260867,2.002173913043479,14.7,35.6,15.4,315.7,4.0
322,한강,2012,961.5,10.451086956521738,28.624708816850838,157.0,26.46521739130435,2.1750000000000003,17.4,38.0,22.0,346.3,3.0
323,한강,2013,748.5,8.13586956521739,20.997527753595648,150.5,26.360869565217385,2.081521739130435,17.1,34.8,15.0,357.2,1.0
324,한강,2014,449.5,4.885869565217392,12.885613252999518,61.0,25.299999999999994,2.2630434782608697,17.4,34.7,19.7,357.2,0.0
325,한강,2015,403.0,4.380434782608695,11.116854238521574,68.5,25.78804347826086,2.2663043478260874,17.1,35.4,16.3,357.2,0.0
326,한강,2016,429.5,4.668478260869565,16.02029570831761,102.5,26.396739130434778,2.119565217391304,16.8,36.3,12.2,357.2,2.0
327,중구,2007,394.0,4.282608695652174,9.256510731486319,53.0,23.180898876404495,1.722727272727272,13.4,33.2,19.0,333.3,0.0
328,중구,2008,745.0,8.097826086956522,19.855416833694314,105.0,22.869565217391305,2.1228260869565214,11.8,34.9,14.1,322.8,3.0
329,중구,2009,849.0,9.228260869565217,27.184293000796934,177.5,22.760439560439558,1.4582417582417582,13.4,33.6,12.4,344.0,3.0
330,중구,2010,773.5,8.407608695652174,19.876255831196588,90.5,24.422826086956523,1.3260869565217397,12.5,34.2,12.1,352.9,3.0
331,중구,2011,1379.0,14.98913043478261,35.90899503620607,265.5,23.2,1.5054347826086953,13.5,34.3,17.7,339.8,5.0
332,중구,2012,960.5,10.440217391304348,28.952200317919274,172.5,24.37391304347826,1.538202247191011,15.2,36.1,17.3,340.2,3.0
333,중구,2013,80.0,13.333333333333334,24.735938766633996,63.0,24.803260869565218,0.7913043478260869,15.9,35.1,15.1,341.7,0.0
334,중구,2014,0.0,,,,23.404347826086955,1.523913043478261,15.6,34.0,14.2,332.2,0.0
335,중구,2015,417.0,4.532608695652174,11.710989566915643,73.0,23.95934065934066,1.4923076923076928,14.7,35.1,12.6,355.2,0.0
336,중구,2016,336.5,3.657608695652174,13.11926051333027,104.5,24.873913043478268,1.3782608695652174,15.0,36.3,12.3,346.9,1.0
337,북한산,2007,455.0,4.945652173913044,9.684148291998827,42.5,21.64137931034483,2.0136363636363637,12.0,29.9,19.7,359.7,0.0
338,북한산,2008,661.5,7.269230769230769,18.3118522171825,116.0,21.411627906976744,1.9781609195402299,10.5,32.3,22.0,359.8,2.0
339,북한산,2009,516.5,5.614130434782608,16.40173926398962,119.0,21.248837209302327,1.694186046511628,9.5,31.2,18.3,356.3,1.0
340,북한산,2010,857.0,9.315217391304348,22.20319715015127,130.5,23.26578947368421,1.8144736842105265,11.4,31.4,13.9,359.6,2.0
341,성동,2007,407.0,4.573033707865169,11.84477026951081,86.5,25.31294117647057,2.445945945945945,15.7,34.6,19.0,355.0,1.0
342,성동,2008,840.0,9.130434782608695,22.476345265905298,117.0,24.280000000000005,3.335869565217392,13.5,38.0,25.1,356.1,3.0
343,성동,2009,906.5,9.853260869565217,29.99922508554841,173.0,24.561538461538454,2.535164835164835,15.3,34.7,32.3,314.0,5.0
344,성동,2010,723.0,7.858695652173913,18.465638728855176,94.0,25.953260869565216,1.8891304347826086,15.0,34.2,16.4,330.7,1.0
345,성동,2011,1567.5,17.03804347826087,40.89642732022601,289.5,24.316304347826087,2.0760869565217392,14.9,34.2,19.7,354.4,4.0
346,성동,2012,1114.5,12.11413043478261,31.68856895683758,180.0,25.66304347826087,2.279347826086957,16.8,36.2,24.2,354.4,4.0
347,성동,2013,862.0,9.369565217391305,24.139119402396858,175.0,25.869565217391294,2.154347826086957,16.0,33.6,21.1,351.6,2.0
348,성동,2014,580.0,6.304347826086956,14.841461918479851,73.0,24.754347826086953,2.1260869565217386,17.9,34.2,24.3,351.6,0.0
349,성동,2015,380.5,4.135869565217392,10.511925007695554,60.0,25.321739130434775,2.102173913043479,16.7,35.2,14.6,357.2,0.0
350,성동,2016,453.5,4.929347826086956,17.13129350494039,112.0,26.303260869565207,1.940217391304347,16.8,36.8,13.0,354.4,2.0
351,북악산,2011,1611.0,18.306818181818183,42.51419180346951,298.0,21.924050632911385,2.2064102564102566,12.6,31.9,19.3,354.4,4.0
352,북악산,2012,1123.0,12.206521739130435,29.39519959444611,147.5,22.973913043478255,2.463043478260869,13.8,34.4,29.3,357.2,6.0
353,북악산,2013,962.5,10.46195652173913,25.766623109356555,176.0,23.24239130434782,2.0543478260869565,14.7,31.4,19.0,354.4,3.0
354,북악산,2014,525.5,5.711956521739131,14.064848572264335,77.5,21.953260869565216,2.0032608695652168,14.9,32.4,19.4,357.2,0.0
355,북악산,2015,464.5,5.048913043478261,12.140898952588758,77.5,22.45326086956522,2.1641304347826087,13.5,33.1,18.1,357.2,0.0
356,북악산,2016,590.0,6.413043478260869,20.22763433116813,122.0,23.369565217391308,1.9989130434782603,14.4,33.3,14.5,354.4,2.0
357,구로,2007,498.0,5.413043478260869,13.42410671832216,87.0,24.746739130434772,2.246739130434783,15.6,35.0,17.0,351.5,1.0
358,구로,2008,841.0,9.141304347826088,21.541593562803936,120.5,24.29340659340659,2.1681318681318693,13.3,36.9,16.3,335.3,3.0
359,구로,2009,919.5,9.994565217391305,29.21025472548241,153.0,24.137362637362628,1.771428571428571,13.0,36.2,18.7,356.4,5.0
360,구로,2010,801.5,8.71195652173913,20.50117038948626,109.5,25.510000000000012,1.6744444444444446,13.0,35.3,17.0,335.2,1.0
361,구로,2011,1077.0,11.835164835164836,26.707162475121304,176.5,23.570786516853936,2.234831460674158,12.5,34.4,18.2,340.3,3.0
362,구로,2012,995.0,10.815217391304348,28.23116092556183,155.5,25.011956521739126,2.4086956521739133,14.6,36.0,30.0,334.7,5.0
363,구로,2013,644.5,7.005434782608695,18.98097580911028,137.5,25.175000000000015,2.1239130434782596,13.6,34.1,18.9,351.6,1.0
364,구로,2014,428.0,4.6521739130434785,12.946580678546951,59.5,24.470652173913034,2.0999999999999996,17.4,35.6,22.7,357.2,0.0
365,구로,2015,375.0,4.076086956521739,9.823702772792936,52.5,24.92391304347826,2.182608695652174,14.4,35.7,16.5,340.3,0.0
366,구로,2016,413.5,4.494565217391305,15.901740620257321,114.0,25.73913043478261,1.98804347826087,16.4,35.8,14.8,348.8,1.0
367,강북,2007,623.5,6.7771739130434785,14.692706595120622,69.0,25.910989010989017,1.5857142857142856,14.5,36.6,26.4,298.9,0.0
368,강북,2008,984.5,10.701086956521738,26.86607605813671,144.0,24.481521739130443,1.3847826086956523,13.9,37.5,17.8,51.0,3.0
369,강북,2009,1009.5,10.972826086956522,33.45920627022044,205.0,24.514285714285702,1.4923076923076928,14.2,35.9,16.3,337.3,5.0
370,강북,2010,1032.5,11.222826086956522,23.651936255384303,118.0,25.845652173913056,1.3304347826086955,12.2,35.4,13.3,326.2,2.0
371,강북,2011,1627.5,17.690217391304348,41.21278490362743,272.0,24.59010989010989,1.6450549450549452,14.9,35.5,16.8,317.8,5.0
372,강북,2012,1020.0,11.08695652173913,26.71539136322724,132.0,25.739130434782613,1.90108695652174,15.5,36.7,19.5,348.8,5.0
373,강북,2013,937.5,10.190217391304348,24.9939379893597,168.0,26.199999999999996,1.9815217391304358,16.3,34.9,17.3,354.4,3.0
374,강북,2014,471.5,5.125,13.676727847529339,81.5,24.917391304347827,1.824999999999999,17.1,35.3,17.7,351.6,1.0
375,강북,2015,472.5,5.135869565217392,11.916629635635646,78.5,25.355434782608693,1.9478260869565218,15.5,35.5,20.8,351.6,0.0
376,강북,2016,478.0,5.195652173913044,17.977849087467426,120.0,26.186956521739134,1.8836956521739134,16.7,37.0,19.5,340.3,2.0
377,남현,2011,1722.5,18.928571428571427,47.36434262587154,359.0,23.380219780219786,1.1461538461538465,13.0,34.1,13.2,348.8,4.0
378,남현,2012,1178.0,12.804347826086957,34.343046109125375,192.5,24.515217391304358,1.3032608695652173,14.0,36.4,20.1,351.6,6.0
379,남현,2013,879.5,9.559782608695652,24.011311710569085,144.0,24.7804347826087,1.2043478260869565,13.3,33.1,14.4,357.2,2.0
380,남현,2014,565.5,6.146739130434782,15.546198087126196,109.5,23.450549450549445,1.1538461538461544,15.4,34.0,16.8,357.2,1.0
381,남현,2015,500.5,5.440217391304348,14.02663134061092,89.5,23.967391304347817,1.2706521739130439,13.6,35.0,12.0,337.5,1.0
382,남현,2016,608.0,6.608695652173913,19.87900572487596,122.0,24.68152173913044,1.065217391304348,14.3,34.7,11.4,357.2,2.0
383,관악,2007,619.0,6.728260869565218,15.988390885140205,90.0,23.502222222222226,1.8450549450549454,13.1,32.7,12.2,359.6,1.0
384,관악,2008,851.5,9.255434782608695,20.195540603025393,105.5,22.85760869565218,1.7108695652173918,11.8,35.2,14.7,357.1,3.0
385,관악,2009,1111.0,12.076086956521738,34.95553964041744,208.0,22.615384615384617,1.7076923076923083,11.3,34.0,17.1,359.8,4.0
386,관악,2010,797.5,8.668478260869565,18.948205455043897,99.5,24.05652173913043,1.755434782608696,8.1,33.4,10.4,351.6,2.0
387,관악,2011,1635.0,18.166666666666668,46.68054234590538,348.5,23.17692307692307,1.7472527472527466,11.6,34.7,13.4,357.2,4.0
388,관악,2012,1082.0,11.89010989010989,32.204019952467135,184.0,24.223913043478266,1.8,13.4,35.9,15.3,348.8,6.0
389,관악,2013,751.0,8.16304347826087,19.849586689257606,109.5,24.604347826086965,1.9206521739130447,12.6,33.6,14.1,357.2,2.0
390,관악,2014,502.0,5.456521739130435,13.927530680119721,96.0,23.339130434782607,1.6391304347826086,15.6,34.1,12.7,357.2,1.0
391,관악,2015,395.5,4.298913043478261,12.219390954096639,85.5,23.793478260869556,1.7967391304347828,13.1,34.8,10.7,357.2,1.0
392,관악,2016,557.5,6.059782608695652,18.634990482473878,114.5,24.269565217391296,1.6184782608695658,14.1,36.0,10.5,354.4,2.0
393,영등포 ,2007,460.5,5.005434782608695,11.437237852689634,71.5,25.977011494252864,1.7511363636363633,16.4,36.3,18.0,336.6,0.0
394,영등포 ,2008,818.0,8.891304347826088,20.610973563784267,103.5,25.44942528735631,1.6724137931034486,14.4,38.0,12.8,332.9,3.0
395,영등포 ,2009,967.0,10.51086956521739,30.049499297438487,166.0,24.847252747252742,1.862637362637363,16.0,35.8,30.4,315.0,5.0
396,영등포 ,2010,734.0,7.978260869565218,19.169990433120315,93.5,26.257608695652173,1.7326086956521742,15.2,34.7,12.8,334.7,2.0
397,영등포 ,2011,1537.0,16.706521739130434,42.89612755479595,299.5,24.797802197802202,1.7197802197802192,14.2,35.4,12.5,306.6,6.0
398,영등포 ,2012,1006.5,10.940217391304348,29.042394399906044,155.0,26.139560439560437,1.8217391304347816,17.0,37.5,16.0,343.1,3.0
399,영등포 ,2013,728.5,7.918478260869565,21.658726279088743,161.5,26.36593406593406,1.4879120879120877,16.6,34.8,12.3,329.1,1.0
400,영등포 ,2014,531.5,5.7771739130434785,14.92405023584246,72.0,25.165217391304346,1.6054347826086952,17.8,35.3,11.7,343.1,0.0
401,영등포 ,2015,419.5,4.559782608695652,10.91244938593409,67.5,25.76956521739131,1.604347826086956,16.7,35.9,9.5,345.9,0.0
402,영등포 ,2016,424.5,4.614130434782608,16.25924982064218,113.5,26.673913043478255,1.2913043478260868,16.8,37.2,8.7,329.1,2.0
403,현충원,2013,816.5,8.875,24.51682815205431,166.0,25.468478260869563,1.2791208791208788,13.2,34.8,14.8,351.6,2.0
404,현충원,2014,411.0,4.516483516483516,12.077170968735127,79.0,24.211956521739125,1.106521739130434,14.3,35.5,12.6,348.8,0.0
405,현충원,2015,428.5,4.657608695652174,13.607716247466797,105.0,24.980434782608693,1.0184782608695648,12.9,35.7,9.2,345.9,1.0
406,현충원,2016,484.5,5.266304347826087,17.024134627593927,103.0,25.659782608695654,0.9032608695652175,14.4,37.0,8.9,351.6,2.0
407,강남,1997,507.0,5.510869565217392,19.14619553935328,123.0,25.597826086956513,1.7206521739130434,12.6,35.8,29.4,337.0,2.0
408,강남,1998,1435.0,15.944444444444445,43.23313105101697,350.5,24.35111111111111,1.7800000000000002,13.7,34.0,33.9,348.6,4.0
409,강남,1999,671.0,7.373626373626373,26.260721980279197,186.0,25.470329670329676,1.7285714285714275,16.0,36.8,27.7,328.5,2.0
410,강남,2000,697.0,7.576086956521739,19.532578418751147,111.5,25.824999999999992,1.7815217391304348,15.7,35.5,21.7,298.5,2.0
411,강남,2001,1054.0,11.71111111111111,34.86965921231553,280.5,25.393181818181812,1.894318181818182,15.4,36.0,13.4,346.8,2.0
412,강남,2002,972.5,10.570652173913043,30.73795498228651,202.0,25.24891304347825,2.071739130434783,14.1,38.1,17.7,352.5,4.0
413,강남,2003,1089.0,11.83695652173913,28.536183768017143,152.0,23.847826086956527,1.5206521739130432,14.9,33.4,13.1,355.5,4.0
414,강남,2004,704.5,7.657608695652174,18.038105171410564,107.5,25.378260869565214,1.7141304347826094,15.0,36.8,15.2,355.1,2.0
415,강남,2005,644.5,7.005434782608695,16.214478431263146,79.5,25.254347826086963,1.7206521739130436,15.5,37.5,14.2,311.2,0.0
416,강남,2006,1058.5,11.505434782608695,34.12070482289434,219.5,25.0945652173913,1.582608695652173,15.7,36.2,12.2,298.7,4.0
417,서초,1997,608.0,6.608695652173913,20.853073940919963,131.0,26.042391304347827,1.2434782608695651,12.9,37.1,14.6,335.1,2.0
418,서초,1998,1370.0,15.222222222222221,41.68205708271476,345.5,24.511111111111116,1.268888888888889,12.8,33.9,12.9,355.2,3.0
419,서초,1999,752.0,8.263736263736265,28.937705186154304,210.0,25.696703296703298,1.249450549450549,16.9,38.0,15.9,343.0,2.0
420,서초,2000,742.5,8.070652173913043,20.59147128497343,112.5,26.30697674418606,1.2220930232558143,15.8,37.1,14.2,335.6,3.0
421,서초,2001,1003.0,10.902173913043478,33.71847238291725,273.0,26.33804347826088,1.296739130434783,16.3,38.0,12.2,346.5,2.0
422,서초,2002,1008.0,10.956521739130435,31.194502560011358,202.0,25.14673913043479,1.472826086956522,15.4,38.1,14.6,324.8,4.0
423,서초,2003,1031.5,11.21195652173913,26.95633768123745,152.5,24.514444444444443,1.1455555555555559,15.2,34.6,10.8,320.4,3.0
424,서초,2004,706.0,7.673913043478261,17.974865660383635,103.5,25.72717391304348,1.2326086956521742,14.0,38.1,11.3,320.5,1.0
425,서초,2005,679.5,7.385869565217392,18.045592938728074,97.5,25.691304347826097,1.3358695652173906,15.8,39.7,12.4,323.3,2.0
426,서초,2006,1010.0,10.978260869565217,32.65234059593184,212.5,25.413043478260878,1.2271739130434778,14.9,37.2,13.5,329.8,4.0
427,강동,1997,249.5,2.7119565217391304,15.070025867477487,111.0,25.280434782608697,1.336956521739131,11.8,36.2,15.5,351.9,2.0
428,강동,1998,1494.0,16.6,54.142612348409195,403.5,23.544444444444444,1.495555555555555,11.1,33.0,13.7,332.1,4.0
429,강동,1999,1016.0,11.164835164835164,31.694378659056227,202.5,25.0989010989011,1.4274725274725275,15.1,37.1,17.0,355.7,5.0
430,강동,2000,767.5,8.342391304347826,20.667026526029716,127.0,25.947826086956525,1.4565217391304341,14.7,35.7,19.7,358.5,2.0
431,강동,2001,960.5,10.440217391304348,29.63364608299157,220.0,25.59,1.572222222222222,14.3,36.8,17.4,295.4,3.0
432,강동,2002,955.0,10.380434782608695,29.82507330437068,182.5,25.370652173913047,1.9434782608695647,13.4,38.4,17.8,359.1,4.0
433,강동,2003,1090.5,11.853260869565217,30.77153833768249,196.0,25.204347826086952,1.5086956521739132,15.5,36.6,12.7,357.2,4.0
434,강동,2004,727.0,7.9021739130434785,17.42854156710294,90.5,24.895652173913046,1.5076086956521744,12.2,37.7,12.3,358.9,1.0
435,강동,2005,750.5,8.157608695652174,20.287213716345345,127.0,25.13296703296704,1.6186813186813183,12.8,36.9,15.0,354.2,1.0
436,강동,2006,1077.0,11.706521739130435,33.60232463291471,236.5,24.590217391304346,1.3554347826086957,13.9,37.0,12.8,352.0,4.0
437,송파,1997,584.0,6.3478260869565215,19.167815735167483,112.5,25.996739130434786,1.8336956521739125,12.9,36.3,16.0,322.4,2.0
438,송파,1998,1341.0,14.9,41.51940117773019,338.0,24.49887640449438,2.015730337078652,14.0,34.2,15.5,350.1,4.0
439,송파,1999,651.0,7.153846153846154,22.446193974293813,153.5,25.497802197802194,1.9087912087912087,10.2,37.2,21.0,345.8,2.0
440,송파,2000,682.0,7.413043478260869,18.85363064339729,120.5,26.227173913043465,1.9130434782608692,15.6,36.1,23.2,308.8,1.0
441,송파,2001,968.5,10.527173913043478,27.73890869630112,203.0,25.759782608695645,2.0228260869565218,14.9,36.1,18.1,337.2,2.0
442,송파,2002,887.5,9.646739130434783,29.422419690750658,210.5,24.64782608695652,2.1945652173913044,14.8,37.0,19.9,353.3,4.0
443,송파,2003,1047.5,11.38586956521739,27.989509736319125,161.5,25.539560439560443,1.8065934065934064,16.2,35.2,15.0,345.7,3.0
444,송파,2004,733.5,7.9728260869565215,18.340545986701187,103.5,25.554347826086957,1.7880434782608692,14.6,37.1,15.9,345.7,2.0
445,송파,2005,665.0,7.228260869565218,18.09535382105642,122.5,25.51086956521739,1.697826086956521,15.9,37.1,14.4,353.2,1.0
446,송파,2006,1116.5,12.13586956521739,33.78008250375984,228.5,25.214285714285705,1.5098901098901099,15.4,36.2,15.9,344.8,4.0
447,강서,1997,404.0,4.391304347826087,14.844584258121357,104.0,25.189772727272725,1.9258426966292133,12.5,35.7,17.3,344.0,1.0
448,강서,1998,1270.0,14.11111111111111,34.364681517951134,241.0,23.582022471910108,2.465168539325842,13.1,33.4,20.7,303.6,6.0
449,강서,1999,890.0,9.88888888888889,35.18352986885283,247.0,24.373255813953488,2.152873563218391,15.7,34.9,24.8,340.6,2.0
450,강서,2000,660.5,7.179347826086956,19.522821461350137,115.5,24.85978260869565,2.1706521739130435,14.1,34.0,26.7,298.0,2.0
451,강서,2001,817.0,8.880434782608695,24.331543489883572,167.5,24.749438202247187,2.2157303370786514,14.9,35.9,19.5,326.0,3.0
452,강서,2002,751.5,8.168478260869565,24.148723850194006,138.5,23.601086956521748,1.3195652173913046,14.3,34.7,13.6,354.0,3.0
453,강서,2003,1209.5,13.291208791208792,32.074658215383984,202.5,23.378651685393255,2.0202247191011233,15.1,32.2,15.7,316.5,3.0
454,강서,2004,663.5,7.211956521739131,15.92810662776156,85.5,24.675,1.9163043478260864,14.9,36.2,14.6,320.9,1.0
455,강서,2005,644.5,7.005434782608695,18.1531177604364,116.0,24.589010989010987,1.9043478260869564,15.4,35.8,16.9,335.0,2.0
456,강서,2006,1085.0,11.793478260869565,36.443253507752175,216.5,24.39239130434781,1.8119565217391307,15.5,36.3,17.6,284.1,4.0
457,양천,1997,222.5,2.5,7.767209631170352,56.0,25.24117647058824,1.5564516129032258,13.1,35.2,14.9,325.2,0.0
458,양천,1998,1368.5,15.205555555555556,37.70538471100308,266.5,24.988888888888887,1.4922222222222223,13.9,33.6,16.3,320.1,4.0
459,양천,1999,783.0,8.604395604395604,29.796580385779215,228.5,25.994505494505493,1.3428571428571432,17.2,36.5,18.0,334.6,2.0
460,양천,2000,383.5,4.168478260869565,10.00227369039381,54.5,26.61304347826087,1.3619565217391307,15.4,37.0,20.5,328.5,0.0
461,양천,2001,966.0,10.5,31.529856773094743,229.0,25.854347826086965,1.6967391304347823,16.1,37.1,12.2,329.8,2.0
462,양천,2002,856.0,9.304347826086957,27.124251802284455,165.0,24.9358695652174,1.704347826086957,16.0,37.0,18.7,344.1,3.0
463,양천,2003,1213.5,13.190217391304348,32.143295439491936,189.5,24.349438202247196,1.4797752808988769,16.1,33.1,13.5,350.4,3.0
464,양천,2004,557.5,6.059782608695652,13.970306499446798,79.0,25.776923076923076,1.5945054945054948,17.3,37.4,13.5,331.4,0.0
465,양천,2005,695.5,7.559782608695652,18.659299656966912,115.0,25.71195652173913,1.66195652173913,16.1,37.3,12.6,343.5,2.0
466,양천,2006,1077.5,11.71195652173913,36.59386798566032,222.0,25.45543478260868,1.475,15.7,36.9,15.3,352.4,4.0
467,도봉,1997,530.0,5.760869565217392,18.938663032994317,142.5,24.932608695652185,0.9630434782608697,10.3,37.0,17.3,352.5,1.0
468,도봉,1998,1655.5,18.394444444444446,47.013594402860264,342.5,23.727586206896554,1.035632183908046,11.4,33.8,13.7,359.0,6.0
469,도봉,1999,1053.5,11.576923076923077,39.42178776295349,286.5,24.416483516483517,1.0021978021978026,14.3,37.2,20.0,358.4,3.0
470,도봉,2000,1005.0,10.923913043478262,25.59156527239506,133.0,25.359782608695642,0.9793478260869565,13.7,36.5,16.3,358.1,3.0
471,도봉,2001,1070.0,11.630434782608695,34.272812212477454,238.5,24.66703296703297,1.1197802197802198,13.3,36.0,15.4,357.9,2.0
472,도봉,2002,911.0,9.902173913043478,24.214612690473526,135.5,23.823913043478257,1.1467391304347823,11.5,36.4,21.0,359.8,2.0
473,도봉,2003,1337.5,14.53804347826087,33.89489521159023,200.0,23.18369565217391,1.05,13.0,34.3,15.7,357.4,3.0
474,도봉,2004,832.0,9.043478260869565,19.06159077080945,86.0,24.347826086956516,0.9478260869565215,11.9,36.3,15.8,357.5,2.0
475,도봉,2005,734.5,7.983695652173913,20.02847575671009,108.5,24.64395604395604,0.9047619047619049,16.1,37.4,10.7,349.0,2.0
476,도봉,2006,1283.0,13.945652173913043,43.56903430326916,302.0,24.236363636363645,0.793181818181818,13.6,36.0,13.6,356.6,3.0
477,노원,1997,545.0,5.923913043478261,17.194896825149034,121.5,24.372727272727264,1.2887640449438207,9.3,36.8,14.4,338.8,1.0
478,노원,1998,1540.0,17.11111111111111,41.176911945934535,304.0,22.9808988764045,1.2831460674157302,11.1,34.0,16.8,356.6,4.0
479,노원,1999,825.5,9.071428571428571,27.25360031553135,175.5,23.87666666666667,1.1755555555555555,11.9,37.6,22.4,358.5,2.0
480,노원,2000,777.5,8.451086956521738,20.76266458246109,117.5,24.5344827586207,1.1744444444444444,11.9,37.0,20.0,341.1,2.0
481,노원,2001,1054.0,11.456521739130435,34.277363511612364,275.5,24.27444444444445,1.282222222222222,11.5,35.2,14.8,0.5,2.0
482,노원,2002,784.5,8.527173913043478,21.896404959883807,134.5,23.84157303370785,1.8865168539325836,11.9,36.0,18.1,347.1,3.0
483,노원,2003,1181.5,12.842391304347826,31.06302785810376,167.0,23.31777777777778,1.5411111111111104,12.5,33.1,14.6,348.7,3.0
484,노원,2004,717.5,7.798913043478261,20.277885396859794,121.5,24.435869565217395,1.4304347826086954,11.1,36.8,11.7,349.9,3.0
485,노원,2005,762.0,8.282608695652174,20.62143133932659,106.0,24.68913043478261,1.5391304347826094,11.3,36.8,13.2,347.0,3.0
486,노원,2006,1246.5,13.548913043478262,39.51512853858541,248.5,24.177173913043475,1.392391304347826,13.2,35.8,15.0,359.0,3.0
487,동대문,1997,395.5,4.298913043478261,17.23768230108777,133.5,26.31847826086957,1.7826086956521738,13.2,37.2,14.5,350.1,1.0
488,동대문,1998,1844.0,20.488888888888887,53.18950526806648,365.0,24.71460674157302,1.9123595505617974,13.6,33.8,12.4,313.5,8.0
489,동대문,1999,948.5,10.423076923076923,36.63695182894231,281.5,25.55909090909091,1.9454545454545453,16.4,37.5,21.3,356.6,2.0
490,동대문,2000,666.5,7.244565217391305,18.19091286323745,106.0,26.2304347826087,2.128260869565217,15.1,36.9,20.0,355.2,2.0
491,동대문,2001,1154.0,12.543478260869565,35.99264669818242,283.5,25.99130434782609,2.3173913043478263,15.8,37.3,15.5,356.0,2.0
492,동대문,2002,832.0,9.043478260869565,25.55715982925301,165.5,24.991304347826095,2.463043478260869,14.8,37.7,21.3,359.6,3.0
493,동대문,2003,1155.0,12.554347826086957,31.599785828469784,176.5,24.470652173913045,2.088043478260869,15.2,35.3,14.8,358.9,4.0
494,동대문,2004,781.0,8.48913043478261,20.5174782446884,112.0,25.713043478260865,2.052173913043479,15.3,37.8,14.6,355.2,3.0
495,동대문,2005,675.0,7.336956521739131,18.29446392807593,109.0,25.69347826086956,2.0663043478260876,16.0,37.0,13.6,359.8,2.0
496,동대문,2006,1206.5,13.11413043478261,38.74487582290399,239.0,25.4054347826087,1.9444444444444444,15.5,38.2,16.4,354.3,4.0
497,중랑,1997,547.5,5.951086956521739,17.437495879334453,133.5,26.13913043478261,1.8065217391304345,13.1,36.8,15.8,348.2,1.0
498,중랑,1998,1559.0,17.322222222222223,45.244486355444906,301.0,24.508888888888897,1.878888888888889,13.5,33.9,13.1,357.1,5.0
499,중랑,1999,788.5,8.664835164835164,28.899351679103926,207.0,24.98589743589744,1.8285714285714292,15.8,36.4,19.7,357.6,2.0
500,중랑,2000,594.5,6.833333333333333,17.286179899095,110.5,25.95625,1.9098765432098763,14.5,35.8,16.1,359.4,1.0
501,중랑,2001,1215.0,13.351648351648352,39.484912343935925,310.0,25.173033707865173,2.1224719101123593,15.5,35.7,18.0,327.6,2.0
502,중랑,2002,902.0,9.804347826086957,27.878755995089367,163.0,24.551086956521722,2.539130434782609,14.5,35.6,16.5,356.6,4.0
503,중랑,2003,1199.5,13.03804347826087,32.631074121575566,180.0,24.051648351648346,2.263736263736263,14.7,33.1,20.9,358.0,4.0
504,중랑,2004,815.0,8.858695652173912,21.04591084071074,111.0,25.416483516483517,2.3461538461538463,15.3,36.7,18.3,354.9,3.0
505,중랑,2005,667.0,7.25,19.474765300677788,125.5,25.463043478260868,2.4108695652173906,16.0,36.3,19.0,358.9,2.0
506,중랑,2006,1232.0,13.391304347826088,38.90202020849249,251.5,25.2141304347826,2.198913043478261,15.1,36.5,17.4,357.2,3.0
507,기상청,1997,524.5,6.639240506329114,20.95338793805052,122.0,25.52972972972974,1.6786666666666672,12.6,37.2,17.4,294.8,2.0
508,기상청,1998,1209.5,13.438888888888888,34.207465820383185,268.0,23.71666666666666,1.749367088607594,9.8,32.0,13.9,359.1,3.0
509,기상청,1999,771.0,8.472527472527473,29.626598657040397,231.5,24.66593406593407,1.7362637362637365,16.4,33.7,21.0,322.6,2.0
510,기상청,2000,673.5,7.320652173913044,18.104486348516534,99.5,25.342857142857145,1.7217391304347829,15.1,34.0,20.0,329.0,2.0
511,기상청,2001,1118.5,12.157608695652174,38.4297510484702,286.5,24.982608695652164,1.5847826086956527,15.4,34.4,16.0,313.1,2.0
512,기상청,2002,746.0,8.108695652173912,20.845431429135594,147.0,24.12727272727273,1.4355555555555555,15.1,34.9,36.9,357.3,2.0
513,기상청,2003,1067.0,11.597826086956522,25.87036990802824,162.0,23.110112359550552,0.502247191011236,15.4,31.0,11.0,310.8,3.0
514,기상청,2004,723.0,7.858695652173913,18.33334889747272,98.0,24.871910112359544,0.9011235955056177,14.3,35.6,14.5,346.7,2.0
515,기상청,2005,626.5,6.884615384615385,17.514609286579542,104.0,24.76091954022988,1.4551724137931037,15.1,36.5,16.9,328.9,2.0
516,기상청,2006,1077.5,11.71195652173913,34.55734473669578,209.5,24.48152173913042,1.3434782608695652,9.6,35.2,10.5,318.8,4.0
517,마포,1997,505.5,5.494565217391305,16.683131996585058,122.0,25.66428571428571,1.943181818181818,5.2,36.3,17.5,352.4,1.0
518,마포,1998,1618.0,17.977777777777778,46.85088172704701,327.5,25.124444444444443,2.2800000000000002,14.1,34.1,14.1,306.5,5.0
519,마포,1999,854.0,9.384615384615385,34.5675728684716,274.5,25.72967032967033,2.16153846153846,17.2,36.8,19.3,313.5,2.0
520,마포,2000,710.5,7.7228260869565215,20.283209660289664,119.5,26.08043478260869,2.06304347826087,15.4,35.9,17.7,285.3,2.0
521,마포,2001,1074.5,11.679347826086957,35.032997123884265,268.5,25.926666666666673,1.9366666666666654,16.5,36.3,13.9,313.9,2.0
522,마포,2002,914.5,9.940217391304348,29.112498957606114,169.5,24.572826086956514,2.4108695652173915,16.3,36.1,21.4,350.1,3.0
523,마포,2003,1215.5,13.21195652173913,32.012551942078005,186.0,23.9989010989011,2.1164835164835165,16.0,32.2,13.0,327.7,3.0
524,마포,2004,724.0,7.869565217391305,17.593372497984653,91.0,25.364130434782602,2.1228260869565214,15.8,37.0,14.8,319.3,1.0
525,마포,2005,702.5,7.635869565217392,18.98193230892477,115.5,25.416483516483513,2.142857142857143,16.4,36.2,14.7,338.1,2.0
526,마포,2006,1080.5,11.744565217391305,36.51422232058378,228.5,25.126086956521743,2.0771739130434774,16.5,34.9,20.8,341.8,4.0
527,서대문,1997,431.5,4.690217391304348,15.839310256534883,117.0,24.475280898876402,1.336263736263736,10.5,36.5,15.0,353.8,1.0
528,서대문,1998,1482.0,16.84090909090909,43.320348106676086,319.0,23.546511627906977,1.608139534883721,12.5,33.6,14.0,352.4,4.0
529,서대문,1999,833.5,9.159340659340659,33.95158964703183,263.0,24.00549450549451,1.4274725274725275,14.8,35.5,18.0,357.1,2.0
530,서대문,2000,516.0,5.608695652173913,18.522458314604048,126.5,24.784444444444443,1.4322222222222223,13.2,35.3,18.7,355.7,3.0
531,서대문,2001,927.5,10.081521739130435,29.17663874075137,226.0,24.196666666666676,1.5722222222222215,13.5,34.1,14.0,35.2,3.0
532,서대문,2002,858.0,9.326086956521738,24.690995242360916,171.5,23.363736263736264,1.4681318681318674,12.7,35.0,21.7,333.7,2.0
533,서대문,2003,1005.5,10.929347826086957,29.63204583266798,171.0,22.595652173913045,1.3804347826086951,13.9,31.9,13.1,347.7,3.0
534,서대문,2004,731.5,7.951086956521739,17.31147427756184,91.5,23.785714285714292,1.4043956043956043,12.2,35.2,18.0,347.3,1.0
535,서대문,2005,607.0,6.5978260869565215,17.364426046531626,113.5,23.7488888888889,1.375824175824176,14.5,34.6,12.6,359.6,2.0
536,서대문,2006,1094.5,11.896739130434783,35.90758422164454,225.0,23.95824175824175,1.2989010989010985,14.6,35.0,15.8,333.4,3.0
537,광진,1997,640.2,6.958695652173914,20.322153516660237,131.5,25.587777777777774,1.2433333333333334,11.7,37.0,11.6,354.2,2.0
538,광진,1998,1094.5,12.161111111111111,44.172213276197205,332.5,24.007865168539325,1.1786516853932583,13.1,33.9,12.5,345.8,3.0
539,광진,1999,861.0,9.566666666666666,29.816875547510513,215.5,25.15180722891567,1.272289156626506,15.7,36.9,16.2,355.2,2.0
540,광진,2000,721.5,7.842391304347826,20.168102514961326,120.5,26.069565217391304,1.2804347826086953,15.4,36.0,17.0,355.2,3.0
541,광진,2001,861.5,9.36413043478261,23.415279042585432,143.5,25.48260869565216,1.3771739130434784,15.3,35.2,11.2,332.4,3.0
542,광진,2002,1003.5,10.907608695652174,32.35448652991466,186.0,24.442222222222224,2.6000000000000005,15.0,36.5,19.5,335.1,4.0
543,광진,2003,1111.5,12.081521739130435,30.117743043105193,170.0,23.960869565217383,2.194565217391304,14.8,33.4,15.0,359.9,4.0
544,광진,2004,664.5,7.2228260869565215,17.141679192886542,97.5,25.379347826086953,2.134782608695652,15.3,36.6,15.1,291.4,1.0
545,광진,2005,728.5,7.918478260869565,20.350807578261715,125.5,25.43586956521739,2.156521739130435,16.2,37.1,19.4,294.8,3.0
546,광진,2006,1131.5,12.298913043478262,35.46202579564254,232.5,25.35714285714286,1.9527472527472531,16.2,36.6,16.4,325.7,4.0
547,성북,1997,563.5,6.125,20.41541447905597,155.0,24.719101123595507,1.438202247191011,11.1,36.0,16.8,359.9,1.0
548,성북,1998,1674.0,18.6,47.16473639861206,359.5,22.997752808988775,1.8404494382022467,11.9,32.6,15.7,329.9,5.0
549,성북,1999,1050.5,11.543956043956044,37.72043716251682,282.0,24.031818181818174,1.7324675324675318,15.3,35.6,19.3,359.9,2.0
550,성북,2000,927.5,10.081521739130435,24.22051591245439,129.0,24.99891304347826,1.5000000000000007,14.1,35.4,18.8,328.9,3.0
551,성북,2001,614.5,6.679347826086956,21.91511866140865,163.0,24.914285714285718,1.6428571428571426,15.0,35.6,20.0,18.4,2.0
552,성북,2002,941.0,10.228260869565217,27.371418983347727,159.0,23.7695652173913,1.8152173913043481,13.6,35.4,21.0,16.7,3.0
553,성북,2003,1281.0,13.923913043478262,31.95712570649818,175.5,23.375824175824178,1.5725274725274725,13.9,32.9,14.5,353.9,3.0
554,성북,2004,828.0,9.0,19.52119164080213,96.5,24.53478260869566,1.7891304347826087,13.9,36.1,14.8,358.5,1.0
555,성북,2005,718.0,7.804347826086956,18.3296967538058,101.0,24.60760869565217,1.8663043478260872,15.0,36.0,16.0,348.9,2.0
556,성북,2006,1150.5,12.505434782608695,38.32391547860271,225.5,24.279120879120896,1.770652173913043,11.9,35.9,17.3,352.2,3.0
557,용산,1997,583.0,6.406593406593407,18.170628327653777,126.5,26.431460674157314,1.7426966292134831,14.4,37.2,18.8,358.2,2.0
558,용산,1998,1383.0,15.366666666666667,40.17712189288209,315.5,24.705555555555552,1.9033333333333344,12.9,35.1,16.1,304.6,3.0
559,용산,1999,610.5,6.708791208791209,25.949423664555415,228.5,25.431868131868132,1.8164835164835156,16.3,36.6,26.9,358.6,1.0
560,용산,2000,493.5,5.364130434782608,12.014209366748796,65.0,26.227173913043465,1.8195652173913044,15.8,36.5,24.0,344.0,0.0
561,용산,2001,1081.5,11.755434782608695,36.20010735255297,274.0,26.10326086956522,1.9423913043478254,16.4,37.4,17.4,349.1,3.0
562,용산,2002,948.0,10.304347826086957,28.51931642694307,179.0,24.988043478260867,2.2032967032967026,15.9,37.1,23.6,355.6,3.0
563,용산,2003,1185.5,12.88586956521739,29.86877005352367,159.0,24.39560439560439,1.825274725274726,15.6,33.9,13.9,353.0,4.0
564,용산,2004,739.5,8.03804347826087,19.287049930745138,111.5,25.735869565217396,1.8804347826086953,15.1,37.9,19.8,359.5,2.0
565,용산,2005,678.5,7.375,19.33376949425908,121.5,25.677777777777784,2.039130434782609,16.0,38.5,16.8,353.4,2.0
566,용산,2006,1046.5,11.375,32.21285875594976,200.5,25.4445652173913,1.5206521739130432,14.9,37.8,12.8,353.3,4.0
567,은평,1997,435.5,4.733695652173913,13.148026862152854,83.0,25.34777777777778,2.22967032967033,11.3,35.6,21.0,350.5,1.0
568,은평,1998,1053.0,11.7,32.17297002143258,242.0,23.935555555555553,2.6611111111111105,13.2,33.4,17.5,353.3,2.0
569,은평,1999,787.0,8.648351648351648,30.838602658347114,218.0,24.488888888888884,2.3477777777777784,15.8,35.0,23.7,352.9,2.0
570,은평,2000,684.0,7.434782608695652,18.97210465123141,112.5,25.164130434782617,2.3271739130434788,14.3,34.2,22.5,351.5,2.0
571,은평,2001,926.5,10.070652173913043,31.733833084065935,202.0,24.78804347826086,2.4782608695652186,14.2,35.3,16.7,358.1,3.0
572,은평,2002,804.0,8.73913043478261,23.415205712873977,140.5,23.79333333333334,2.545555555555556,14.0,35.4,31.6,347.3,3.0
573,은평,2003,1302.0,14.152173913043478,32.40105302270916,192.5,23.377173913043485,2.2097826086956522,15.3,32.5,15.8,313.1,4.0
574,은평,2004,632.5,6.875,14.88981970237487,81.5,24.676086956521743,1.841304347826087,13.3,36.2,15.8,309.8,1.0
575,은평,2005,662.5,7.201086956521739,16.72483508724831,96.0,24.660869565217382,1.3880434782608702,15.7,35.8,13.6,314.5,2.0
576,은평,2006,1016.5,11.048913043478262,35.444358172748316,218.0,24.44782608695652,1.416304347826087,14.6,35.4,19.1,310.6,3.0
577,금천,1998,1097.0,12.325842696629213,32.2671819208207,254.5,23.97816091954024,2.3402298850574708,13.7,32.3,18.2,324.8,2.0
578,금천,1999,846.5,9.302197802197803,31.741479969773792,247.5,23.31978021978022,2.2428571428571424,15.8,32.1,26.7,322.9,2.0
579,금천,2000,623.0,6.771739130434782,17.20295991709628,96.0,24.936956521739127,2.318478260869564,15.0,33.6,28.3,266.6,2.0
580,금천,2001,1006.5,10.940217391304348,34.414238235922284,263.0,25.369565217391305,2.2858695652173906,15.8,35.3,21.1,358.8,2.0
581,금천,2002,769.5,8.36413043478261,29.423406177797958,216.5,24.38152173913045,2.372826086956521,15.9,35.3,17.4,353.6,4.0
582,금천,2003,992.0,10.782608695652174,24.85311844450565,137.5,22.7304347826087,2.111956521739131,14.6,31.0,17.1,358.6,4.0
583,금천,2004,708.0,7.695652173913044,19.166413578447713,123.0,24.93478260869565,2.1630434782608696,14.3,35.3,15.3,359.3,2.0
584,금천,2005,675.0,7.336956521739131,19.61274937096272,118.0,24.66966292134832,2.1449438202247193,15.1,35.3,19.2,359.2,2.0
585,금천,2006,988.0,10.73913043478261,32.557344022278556,204.0,24.573913043478264,2.031521739130434,15.3,35.0,17.0,356.4,4.0
586,한강,1997,435.0,4.728260869565218,15.598396128363744,108.5,25.911111111111115,2.1066666666666674,13.9,36.3,15.5,357.6,1.0
587,한강,1998,963.0,10.943181818181818,25.91458469866907,160.0,24.040963855421683,2.4619047619047625,13.1,35.0,13.9,335.5,3.0
588,한강,1999,739.5,8.126373626373626,28.6585834928108,221.0,24.929069767441856,2.345054945054945,16.6,35.9,20.0,350.1,2.0
589,한강,2000,513.0,5.576086956521739,15.443077823144456,96.0,25.98043478260868,2.225,15.5,35.8,20.0,350.5,1.0
590,한강,2001,883.5,9.603260869565217,27.95684842512233,186.0,25.969565217391317,2.3945652173913046,16.4,36.7,17.7,339.2,3.0
591,한강,2002,703.5,7.646739130434782,25.944630184370073,158.5,25.06043956043955,2.5582417582417576,16.7,34.7,18.7,332.7,3.0
592,한강,2003,1032.0,11.217391304347826,28.622716747350246,155.0,24.21195652173913,2.3902173913043483,16.1,33.6,13.0,358.5,3.0
593,한강,2004,675.5,7.342391304347826,17.848404574840192,96.5,25.127472527472516,2.267032967032967,16.1,36.0,15.9,349.8,2.0
594,한강,2005,586.0,6.369565217391305,18.051645927394205,138.5,25.265217391304343,2.2978260869565212,15.8,36.5,18.5,311.5,1.0
595,한강,2006,1031.5,11.21195652173913,32.45463729337061,196.5,24.868478260869566,2.21304347826087,16.5,36.3,16.4,354.6,4.0
596,중구,1997,376.5,5.302816901408451,18.174448090114918,138.0,22.512244897959185,1.5319148936170206,10.6,32.9,14.0,275.6,1.0
597,중구,1998,1257.0,14.284090909090908,34.68974105980381,267.0,22.13048780487805,2.2783132530120493,10.2,32.6,15.4,352.4,4.0
598,중구,1999,757.0,8.31868131868132,27.34019390359554,175.0,23.85824175824176,2.2,15.3,35.7,23.4,351.4,2.0
599,중구,2000,714.0,7.760869565217392,19.982338116401305,121.5,24.714285714285708,1.813186813186813,13.7,34.8,17.7,303.9,2.0
600,중구,2001,1061.5,11.53804347826087,34.05032101119051,262.5,24.28571428571428,2.0999999999999996,13.9,35.9,19.2,320.1,3.0
601,중구,2002,533.5,5.798913043478261,16.594891935953722,99.5,23.13414634146341,2.20253164556962,13.9,35.4,22.2,321.4,2.0
602,중구,2003,1163.0,12.641304347826088,27.083035329807203,155.0,22.440659340659348,1.916304347826087,13.5,32.1,16.9,335.4,3.0
603,중구,2004,547.5,5.951086956521739,14.376044593218321,85.0,24.051136363636353,2.0,13.7,35.0,21.5,321.0,1.0
604,중구,2005,574.0,6.239130434782608,16.5239550152328,117.0,23.745555555555548,1.691111111111111,12.3,35.2,17.8,315.0,1.0
605,중구,2006,967.5,10.516304347826088,28.602279464890085,195.0,23.295454545454547,1.7636363636363632,14.5,34.5,21.0,325.0,3.0
606,북한산,1997,1045.5,12.156976744186046,43.97955819454862,375.5,22.673750000000005,1.7300000000000004,8.8,33.1,18.5,353.8,2.0
607,북한산,1998,1184.0,13.60919540229885,31.452106936427068,232.5,21.078750000000007,2.422500000000001,10.6,29.9,18.4,359.9,3.0
608,북한산,1999,881.5,9.686813186813186,36.24259681887908,280.5,22.223595505617975,2.0921348314606756,13.7,33.0,22.2,281.6,2.0
609,북한산,2000,790.0,8.58695652173913,23.571333014617583,167.0,23.04888888888888,1.9300000000000006,13.0,33.0,27.9,275.5,2.0
610,북한산,2001,1399.0,15.206521739130435,42.50353263753323,264.5,22.125000000000007,2.1250000000000013,11.7,31.3,20.8,285.9,5.0
611,북한산,2002,699.5,7.603260869565218,18.160689650741237,105.0,20.634883720930233,2.325,11.4,31.4,34.1,287.7,1.0
612,북한산,2003,1180.0,12.826086956521738,30.453751170323894,172.0,20.282222222222217,2.0555555555555554,13.4,29.2,21.2,351.8,4.0
613,북한산,2004,486.5,5.288043478260869,11.309150650585982,55.0,22.02298850574713,2.027586206896551,12.7,32.6,19.2,357.8,0.0
614,북한산,2005,687.5,7.4728260869565215,16.315125479075952,88.5,21.720879120879115,1.9010989010989008,12.7,32.6,21.4,357.7,1.0
615,북한산,2006,1049.0,11.402173913043478,32.108866935497886,196.5,21.49780219780219,1.8857142857142852,11.9,32.2,22.4,359.7,3.0
616,성동,2000,292.0,36.5,44.74052174164139,118.5,25.942857142857147,0.5,6.5,34.6,23.3,343.0,2.0
617,성동,2001,1060.0,11.521739130434783,35.85485951427424,271.0,25.888043478260872,2.4054347826086957,15.6,36.9,15.2,138.0,3.0
618,성동,2002,700.5,7.697802197802198,20.059755055677353,123.5,24.671910112359537,2.6280898876404493,15.4,36.2,21.2,292.2,2.0
619,성동,2003,995.5,10.820652173913043,27.39090062288264,149.5,24.226086956521737,1.9760869565217396,15.3,33.6,13.8,349.7,3.0
620,성동,2004,669.5,7.2771739130434785,17.831532160142974,100.0,25.3054347826087,2.054347826086956,14.7,37.1,16.4,354.7,2.0
621,성동,2005,656.5,7.135869565217392,18.528876077250246,120.0,25.413043478260853,2.277173913043477,16.0,36.6,15.8,355.2,2.0
622,성동,2006,1204.0,13.08695652173913,37.32516817974757,242.5,25.421739130434784,2.008695652173913,15.8,37.1,14.9,357.5,4.0
623,북악산,2002,0.0,0.0,0.0,0.0,,,,,,,0.0
624,구로,2002,1132.0,12.304347826086957,33.89122520245973,226.0,24.31086956521739,1.9445652173913046,14.8,36.5,14.7,344.7,5.0
625,구로,2003,1135.5,12.342391304347826,29.307007876996607,169.5,23.148888888888884,1.71,14.2,32.5,13.0,359.1,3.0
626,구로,2004,702.5,7.635869565217392,17.628508264488843,92.5,24.541304347826078,1.7249999999999999,12.9,36.6,14.9,347.1,2.0
627,구로,2005,629.0,6.836956521739131,18.688174067471408,123.0,24.413483146067417,1.9646341463414636,14.2,35.8,18.7,322.8,2.0
628,구로,2006,1031.0,11.206521739130435,34.39390057204855,210.5,24.4,1.950000000000001,13.5,36.6,17.2,355.8,4.0
629,강북,2002,880.0,9.565217391304348,24.44810801813726,142.5,26.98695652173914,1.8217391304347827,16.2,38.8,21.7,354.8,3.0
630,강북,2003,1312.5,14.266304347826088,33.39477907860078,197.5,24.84782608695653,1.630434782608696,15.4,35.0,17.3,358.8,4.0
631,강북,2004,788.0,8.565217391304348,18.75700856431782,90.0,25.605434782608693,1.668478260869565,14.4,37.9,15.2,337.4,2.0
632,강북,2005,799.0,8.684782608695652,19.930472195365656,101.0,25.826086956521735,1.6315217391304353,15.7,37.6,13.8,347.9,2.0
633,강북,2006,1264.0,13.73913043478261,43.042623792838306,266.5,25.519565217391307,1.5695652173913042,15.1,37.4,13.3,349.8,3.0
634,남현,2002,0.0,0.0,,0.0,,,,,,,0.0
635,관악,1997,202.5,5.1923076923076925,12.24670491914124,66.5,23.1,1.4111111111111112,11.8,33.3,9.8,334.6,0.0
636,관악,1998,1341.5,14.905555555555555,39.030591174624796,319.5,22.940449438202265,1.5101123595505614,11.8,32.2,22.3,335.1,4.0
637,관악,1999,858.5,9.434065934065934,30.53888311928552,222.0,23.637078651685396,1.3898876404494387,13.3,34.1,18.9,359.9,2.0
638,관악,2000,736.5,8.005434782608695,18.92705699843675,100.5,24.43913043478261,1.4934782608695654,12.2,34.6,20.0,354.7,2.0
639,관악,2001,1022.0,11.108695652173912,30.494264105482632,207.0,24.309890109890112,1.4505494505494503,12.7,34.5,15.1,342.7,2.0
640,관악,2002,927.5,10.081521739130435,28.590157875205804,185.0,23.40111111111111,1.4544444444444442,11.4,35.6,14.9,357.7,4.0
641,관악,2003,929.5,10.214285714285714,23.832650672873925,151.0,22.48522727272728,1.1749999999999998,11.7,32.7,13.6,319.0,3.0
642,관악,2004,535.0,5.815217391304348,15.157002043320857,107.5,23.94886363636364,1.4875,10.4,36.3,13.5,349.1,1.0
643,관악,2005,746.0,8.108695652173912,20.205513621226352,118.0,23.382608695652166,1.8228260869565218,13.1,35.6,15.4,357.7,2.0
644,관악,2006,988.0,10.73913043478261,30.97468642675091,206.5,23.131521739130427,1.755434782608696,13.2,34.9,14.4,273.4,4.0
645,영등포 ,1997,430.0,4.673913043478261,16.830674962242696,119.0,26.14090909090908,2.0284090909090913,13.2,37.1,18.1,353.7,2.0
646,영등포 ,1998,1388.5,15.427777777777777,41.84082740222607,316.0,24.93,2.2022222222222223,14.0,33.6,15.8,318.8,5.0
647,영등포 ,1999,838.0,9.208791208791208,32.84619595208232,259.0,25.953409090909098,1.9954545454545458,17.1,36.6,18.3,332.6,2.0
648,영등포 ,2000,651.0,7.076086956521739,17.862099168844356,107.5,26.1125,1.9443181818181818,15.3,35.8,22.6,322.8,1.0
649,영등포 ,2001,1005.5,10.929347826086957,32.91368845149511,250.5,25.998913043478247,2.1402173913043474,16.2,37.2,15.8,339.8,3.0
650,영등포 ,2002,851.0,9.25,27.44219699339278,164.0,24.965934065934068,2.2340659340659337,16.0,36.8,16.2,356.9,3.0
651,영등포 ,2003,1032.0,11.217391304347826,25.730887962091902,160.5,24.378888888888884,1.738461538461538,16.0,33.0,12.6,355.9,3.0
652,영등포 ,2004,752.5,8.179347826086957,18.94099883672011,100.5,25.865217391304352,1.8239130434782613,16.1,38.0,13.3,332.7,2.0
653,영등포 ,2005,683.0,7.423913043478261,18.566177268516583,124.5,25.852747252747246,1.7923076923076926,15.7,38.2,13.9,321.5,2.0
654,영등포 ,2006,1126.0,12.23913043478261,36.73153855354104,225.0,25.66703296703297,1.5604395604395607,16.1,37.0,12.6,334.3,4.0
655,현충원,2002,0.0,0.0,0.0,0.0,,,,,,,0.0
656,현충원,2005,0.0,0.0,0.0,0.0,,,,,,,0.0
